date,name,pos,id,Oppt,points,pointsDist,HomeAway,meanPoints,OpptAverage
20160707,Adam Morgan,P,605388,col,9,0.1206896552,1,0,1
20160707,Adam Wainwright,P,425794,pit,57,0.9482758621,0,0.3894701825,0.702204752
20160707,Bartolo Colon,P,112526,was,2,0,0,0.4511099776,0.1106876333
20160707,Chad Bettis,P,518452,phi,41,0.6724137931,0,0.2016145129,0.6560453121
20160707,Danny Duffy,P,518633,sea,34,0.5517241379,0,0.7693553037,0.3409246559
20160707,Doug Fister,P,450729,oak,24,0.3793103448,0,0.4649708368,0.6261984834
20160707,Drew Pomeranz,P,519141,lad,51,0.8448275862,1,0.8780244395,0
20160707,Hector Santiago,P,502327,tam,60,1,1,0.2642345479,0.538210987
20160707,Ivan Nova,P,467100,cle,34,0.5517241379,1,0.2782284713,0.1113068424
20160707,James Paxton,P,572020,kan,24,0.3793103448,1,0.5564525072,0.3947740786
20160707,Jason Hammel,P,434628,atl,27,0.4310344828,0,0.4899203832,0.7539754889
20160707,Justin Verlander,P,434378,tor,26,0.4137931034,1,0.8069282118,0.3057291865
20160707,Rich Hill,P,448179,hou,57,0.9482758621,1,1,0.4615334055
20160707,Trevor Bauer,P,545333,nyy,14,0.2068965517,0,0.7671375663,0.4348185133
20160707,Tyler Duffey,P,608648,tex,57,0.9482758621,1,0.2323213058,0.3764952403
20160706,Bud Norris,P,502032,bal,21,0.3913043478,0,0.416024893,0.5749456476
20160706,Colin Rea,P,607067,ari,14,0.2898550725,1,0.3468763312,0.7257980248
20160706,Drew Smyly,P,592767,laa,0,0.0869565217,0,0.4947417162,0.7447857322
20160706,Ervin Santana,P,429722,oak,63,1,0,0.2308088385,0.6269503946
20160706,Ian Kennedy,P,453178,tor,42,0.6956521739,1,0.5873497435,0.3429155374
20160706,Jacob deGrom,P,594798,mia,48,0.7826086957,0,0.6938489748,0.4524057996
20160706,Jaime Garcia,P,448802,pit,21,0.3913043478,0,0.5271545258,0.7162709078
20160706,Jeff Locke,P,502046,stl,6,0.1739130435,1,0.2609064474,0.219897403
20160706,Jered Weaver,P,450308,tam,42,0.6956521739,1,0.2122872331,0.5442183063
20160706,Jeremy Hellickson,P,476451,atl,24,0.4347826087,0,0.5184382582,0.7462046079
20160706,Johnny Cueto,P,456501,col,60,0.9565217391,0,1,1
20160706,Jorge De La Rosa,P,407822,sfo,27,0.4782608696,1,0.2011742698,0.4052353678
20160706,Josh Tomlin,P,458708,det,11,0.2463768116,0,0.6111203719,0.6614382279
20160706,Justin Nicolino,P,592593,nym,6,0.1739130435,1,0.0287566446,0.310409871
20160706,Kevin Gausman,P,592332,lad,21,0.3913043478,1,0.4133800078,0
20160706,Marcus Stroman,P,573186,kan,48,0.7826086957,0,0.3833379637,0.4246621753
20160706,Martin Perez,P,527048,bos,-6,0,1,0.3550110204,0.5982756503
20160706,Michael Fulmer,P,605242,cle,33,0.5652173913,1,0.8574577244,0.0923253136
20160706,Michael Pineda,P,501381,chw,18,0.347826087,1,0.5086329203,0.412880823
20160706,Miguel Gonzalez,P,456068,nyy,42,0.6956521739,0,0.2072345391,0.4571104782
20160706,Mike Fiers,P,571666,sea,10,0.231884058,0,0.3765109,0.3267208755
20160706,Shelby Miller,P,571946,sdg,12,0.2608695652,0,0,0.8202607649
20160706,Sonny Gray,P,543243,min,30,0.5217391304,1,0.2505639829,0.9114562013
20160706,Steven Wright,P,453214,tex,36,0.6086956522,0,0.8188698116,0.3712571488
20160706,Tanner Roark,P,543699,mil,39,0.652173913,0,0.679683651,0.8119110151
20160702,Aaron Nola,P,605400,kan,21,0.4347826087,0,0.3910803505,0.2765276777
20160702,Adam Wainwright,P,425794,mil,48,0.8260869565,0,0.2441770717,0.5717361461
20160702,Bartolo Colon,P,112526,chc,39,0.6956521739,0,0.3075694098,0
20160702,Chad Bettis,P,518452,lad,18,0.3913043478,1,0.160799535,0.0417722718
20160702,Chris Sale,P,519242,hou,48,0.8260869565,1,0.8437012638,0.3289326842
20160702,Clay Buchholz,P,453329,laa,7,0.231884058,0,0,0.4979019261
20160702,Dan Straily,P,573185,was,24,0.4782608696,1,0.2507011654,0.0867867311
20160702,Danny Duffy,P,518633,phi,56,0.9420289855,1,0.4861498001,0.5062088122
20160702,Doug Fister,P,450729,chw,8,0.2463768116,0,0.3838003005,0.2917932324
20160702,Drew Pomeranz,P,519141,nyy,39,0.6956521739,0,0.6336692786,0.3180779142
20160702,Hector Santiago,P,502327,bos,42,0.7391304348,1,0.160799535,0.3243150358
20160702,Ivan Nova,P,467100,sdg,34,0.6231884058,1,0.1762839347,0.5537419356
20160702,Jake Arrieta,P,453562,nym,16,0.3623188406,1,0.8377457255,0.2269517333
20160702,James Paxton,P,572020,bal,26,0.5072463768,0,0.4314446071,0.3616001818
20160702,Jeff Samardzija,P,502188,ari,25,0.4927536232,1,0.4307839394,0.4734876853
20160702,Jimmy Nelson,P,519076,stl,24,0.4782608696,1,0.2957917372,0.1578542097
20160702,Joe Ross,P,605452,cin,10,0.2753623188,0,0.443092052,1
20160702,Jose Fernandez,P,605228,atl,23,0.4637681159,1,1,0.4872290722
20160702,Justin Verlander,P,434378,tam,54,0.9130434783,1,0.5498947061,0.3421397509
20160702,Marco Estrada,P,462136,cle,27,0.5217391304,0,0.5659095457,0.0314876238
20160702,Patrick Corbin,P,571578,sfo,25,0.4927536232,0,0.1806513294,0.2668274771
20160702,Rich Hill,P,448179,pit,30,0.5652173913,0,0.7543681888,0.5283052187
20160702,Scott Kazmir,P,431148,col,60,1,0,0.3593174794,0.6927026734
20160702,Tyler Duffey,P,608648,tex,24,0.4782608696,0,0.1720499439,0.1804935947
20160702,Tyler Wilson,P,592869,sea,-9,0,1,0.0952886133,0.2438668682
20160629,Aaron Sanchez,P,592717,col,42,0.6666666667,1,0.7159205143,0.7038158883
20160629,Archie Bradley,P,605151,phi,21,0.3484848485,0,0.5316841195,0.4903848542
20160629,Carlos Martinez,P,593372,kan,27,0.4393939394,0,0.6138220882,0.25428013
20160629,Christian Friedrich,P,543184,bal,24,0.3939393939,0,0.4621322561,0.308075744
20160629,Dallas Keuchel,P,572971,laa,36,0.5757575758,1,0.37867002,0.4593122906
20160629,Danny Salazar,P,517593,atl,57,0.8939393939,1,0.9397217184,0.4646964319
20160629,David Price,P,456034,tam,37,0.5909090909,1,0.6916534054,0.3219089019
20160629,Edinson Volquez,P,450172,stl,32,0.5151515152,1,0.3346205065,0.1219729533
20160629,Jake Peavy,P,408241,oak,-2,0,1,0.196599934,0.3850945711
20160629,James Shields,P,448306,min,44,0.696969697,0,0.0902616263,0.624383354
20160629,Jered Weaver,P,450308,hou,7,0.1363636364,0,0.196599934,0.3127878148
20160629,Junior Guerra,P,448855,lad,57,0.8939393939,0,0.5353935523,0
20160629,Kyle Hendricks,P,543294,cin,41,0.6515151515,1,0.6164706231,1
20160629,Masahiro Tanaka,P,547888,tex,21,0.3484848485,0,0.5551759569,0.1165841055
20160629,Matt Moore,P,519043,bos,51,0.803030303,0,0.3672338389,0.2874624091
20160629,Max Scherzer,P,453286,nym,64,1,0,1,0.1816339675
20160629,Ricky Nolasco,P,445060,chw,11,0.196969697,1,0.3054087238,0.2583828145
20160629,Sean Manaea,P,640455,sfo,41,0.6515151515,0,0.1586784033,0.20718093
20160629,Tom Koehler,P,543408,det,0,0.0303030303,1,0.4092728399,0.452734356
20160629,Wade Miley,P,489119,pit,0,0.0303030303,0,0.3362266909,0.5477227355
20160629,Yovani Gallardo,P,451596,sdg,39,0.6212121212,1,0,0.5364476496
20160627,Adam Wainwright,P,425794,kan,18,0.3793103448,1,0.0795817587,0.351648945
20160627,Collin McHugh,P,543521,laa,21,0.4310344828,1,0.1455504142,0.5195432567
20160627,Dan Straily,P,573185,chc,-4,0,0,0.1735776687,0
20160627,Danny Duffy,P,518633,stl,54,1,0,0.2931929772,0.226556169
20160627,Francisco Liriano,P,434538,lad,10,0.2413793103,0,0.1383692548,0.1125956423
20160627,Ivan Nova,P,467100,tex,15,0.3275862069,0,0,0.2190694741
20160627,Jake Arrieta,P,453562,cin,24,0.4827586207,1,1,1
20160627,Jeff Samardzija,P,502188,oak,6,0.1724137931,0,0.4125632592,0.461813557
20160627,Joe Ross,P,605452,nym,39,0.7413793103,0,0.3268511276,0.2396910787
20160627,Jon Gray,P,592351,tor,45,0.8448275862,0,0.2735578781,0.3206434204
20160627,Marco Estrada,P,462136,col,33,0.6379310345,1,0.5422576359,0.7219051741
20160627,Matt Shoemaker,P,533167,hou,36,0.6896551724,0,0.2191478735,0.4324420496
20160627,Noah Syndergaard,P,592789,was,9,0.224137931,1,0.9427816155,0.1519136082
20160627,Robbie Ray,P,592662,phi,27,0.5344827586,0,0.2397913506,0.5863601288
20160627,Scott Kazmir,P,431148,pit,27,0.5344827586,1,0.2335054801,0.6254926476
20160627,Trevor Bauer,P,545333,atl,39,0.7413793103,1,0.5030911027,0.5320718131
20160627,Vince Velasquez,P,592826,ari,48,0.8965517241,1,0.3599485444,0.5314935822
20160625,A.J. Griffin,P,456167,bos,25,0.4852941176,0,0.5230155743,0.2537593222
20160625,Anibal Sanchez,P,434671,cle,12,0.2941176471,0,0.151046594,0.0231277222
20160625,Brandon Finnegan,P,605232,sdg,35,0.6323529412,0,0.283395895,0.5352095119
20160625,Carlos Carrasco,P,471911,det,60,1,1,0.4778050178,0.445253714
20160625,Chris Tillman,P,501957,tam,3,0.1617647059,0,0.7129046587,0.2483459426
20160625,Chris Young,P,432934,hou,-8,0,0,0.1353264905,0.3290890464
20160625,Drew Pomeranz,P,519141,cin,51,0.8676470588,1,0.7248541075,1
20160625,Ervin Santana,P,429722,nyy,18,0.3823529412,1,0.2013197291,0.2492678764
20160625,Gio Gonzalez,P,461829,mil,6,0.2058823529,1,0.4681172836,0.5543402265
20160625,Jacob deGrom,P,594798,atl,42,0.7352941176,1,0.579531313,0.4829531695
20160625,Jake Odorizzi,P,543606,bal,3,0.1617647059,1,0.4393762144,0.2884023587
20160625,Jeff Locke,P,502046,lad,39,0.6911764706,0,0.1847349521,0
20160625,Jeremy Hellickson,P,476451,sfo,36,0.6470588235,1,0.4212892791,0.1580871098
20160625,Jhoulys Chacin,P,468504,oak,2,0.1470588235,0,0.1908860021,0.3771616178
20160625,John Lackey,P,407793,mia,7,0.2205882353,1,0.8411136995,0.188423413
20160625,Jorge De La Rosa,P,407822,ari,45,0.7794117647,0,0.0539454544,0.3881771716
20160625,Julio Teheran,P,527054,nym,45,0.7794117647,0,0.6337853372,0.141951775
20160625,Kenta Maeda,P,628317,pit,15,0.3382352941,1,0.6279733748,0.5741524361
20160625,Kevin Gausman,P,592332,tam,56,0.9411764706,0,0.2828296186,0.2483459426
20160625,Madison Bumgarner,P,518516,phi,31,0.5735294118,0,1,0.5076600145
20160625,Matt Andriese,P,542882,bal,23,0.4558823529,1,0.6328155465,0.2884023587
20160625,Michael Pineda,P,501381,min,39,0.6911764706,0,0.3857664568,0.6800119479
20160625,Miguel Gonzalez,P,456068,tor,-2,0.0882352941,0,0.2517454537,0.1996852605
20160625,Mike Fiers,P,571666,kan,10,0.2647058824,1,0.3395623735,0.2141278357
20160625,Mike Leake,P,502190,sea,1,0.1323529412,1,0.3809242851,0.1882622224
20160625,Nathan Karns,P,501992,stl,24,0.4705882353,0,0.4778050178,0.1259740089
20160625,R.A. Dickey,P,285079,chw,37,0.6617647059,1,0.3037411541,0.2339493599
20160625,Shelby Miller,P,571946,col,12,0.2941176471,1,0,0.631428081
20160625,Steven Wright,P,453214,tex,17,0.3676470588,1,0.8290014886,0.1313440428
20160619,Archie Bradley,P,605151,phi,45,0.7049180328,1,0.7446288834,0.4695312962
20160619,Brandon Finnegan,P,605232,hou,6,0.0655737705,1,0.5966567096,0.3535866974
20160619,Carlos Carrasco,P,471911,chw,34,0.5245901639,0,0.7255367775,0.2396789084
20160619,Carlos Rodon,P,607074,cle,37,0.5737704918,1,0.6638800345,0.0499239067
20160619,Chris Tillman,P,501957,tor,27,0.4098360656,0,1,0.1520781009
20160619,Chris Young,P,432934,det,36,0.5573770492,0,0.3473867805,0.4584062007
20160619,David Price,P,456034,sea,54,0.8524590164,0,1,0.1466195912
20160619,Drew Pomeranz,P,519141,was,42,0.6557377049,0,0.9759494263,0
20160619,Eric Surkamp,P,474668,laa,27,0.4098360656,0,0,0.3854374187
20160619,Ervin Santana,P,429722,nyy,40,0.6229508197,0,0.421636829,0.1854429815
20160619,Gio Gonzalez,P,461829,sdg,10,0.131147541,1,0.7857534265,0.5540966904
20160619,Jacob deGrom,P,594798,atl,27,0.4098360656,0,0.8630941641,0.5176408586
20160619,Jake Odorizzi,P,543606,sfo,39,0.606557377,0,0.6825778687,0.1458912071
20160619,Jake Peavy,P,408241,tam,39,0.606557377,1,0.4079308755,0.1792856158
20160619,Jered Weaver,P,450308,oak,42,0.6557377049,1,0.4644754516,0.39153481
20160619,Jordan Zimmermann,P,519455,kan,36,0.5573770492,1,0.8532206652,0.2137308792
20160619,Julio Teheran,P,527054,nym,60,0.9508196721,1,0.8377070762,0.1331668391
20160619,Kenta Maeda,P,628317,mil,40,0.6229508197,0,0.8782803071,0.584017968
20160619,Kyle Hendricks,P,543294,pit,63,1,0,0.8003180904,0.5226387204
20160619,Marcus Stroman,P,573186,bal,2,0,1,0.6778031715,0.2624130368
20160619,Martin Perez,P,527048,stl,4,0.0327868852,1,0.6181378347,0.1576566603
20160619,Mike Fiers,P,571666,cin,44,0.6885245902,0,0.5580748849,1
20160619,Mike Leake,P,502190,tex,27,0.4098360656,0,0.6495292129,0.0882242843
20160619,Nathan Eovaldi,P,543135,min,10,0.131147541,1,0.7163549247,0.6432471209
20160619,Taijuan Walker,P,592836,bos,24,0.3606557377,1,0.6726642743,0.2276362734
20160619,Tom Koehler,P,543408,col,48,0.7540983607,0,0.6443903156,0.5895256268
20160615,Adam Wainwright,P,425794,hou,39,0.5882352941,0,0.215866761,0.493349489
20160615,Bud Norris,P,502032,cin,27,0.4117647059,0,0.060376459,1
20160615,Chad Bettis,P,518452,nyy,39,0.5882352941,0,0.1378414085,0.3294849244
20160615,Chris Sale,P,519242,det,45,0.6764705882,0,0.6859561973,0.5184341146
20160615,Clayton Kershaw,P,477132,ari,61,0.9117647059,1,1,0.5660434638
20160615,Collin McHugh,P,543521,stl,35,0.5294117647,1,0.2685319721,0.338799947
20160615,Corey Kluber,P,446372,kan,12,0.1911764706,1,0.5435630986,0.3502304042
20160615,Derek Holland,P,502706,oak,8,0.1323529412,1,0.1289028525,0.4970131178
20160615,Drew Smyly,P,592767,sea,50,0.75,0,0.3275365847,0.3028553367
20160615,Hector Santiago,P,502327,min,42,0.6323529412,0,0.141743944,0.7099609351
20160615,Ian Kennedy,P,453178,cle,38,0.5735294118,0,0.3528941903,0.2324775093
20160615,Ivan Nova,P,467100,col,15,0.2352941176,1,0.339310121,0.6809314847
20160615,Jason Hammel,P,434628,was,30,0.4558823529,1,0.4648911271,0.1484658104
20160615,Jeff Locke,P,502046,nym,0,0.0147058824,1,0.131015141,0.307182426
20160615,Jeremy Hellickson,P,476451,tor,18,0.2794117647,0,0.3211971833,0.3413027557
20160615,Jimmy Nelson,P,519076,sfo,-1,0,1,0.3777649299,0.3143838354
20160615,Johnny Cueto,P,456501,mil,57,0.8529411765,0,0.6957087324,0.6293157026
20160615,Justin Nicolino,P,592593,sdg,8,0.1323529412,1,0.059169437,0.6461477508
20160615,Kevin Gausman,P,592332,bos,0,0.0147058824,1,0.2780892537,0.3777567306
20160615,Marco Estrada,P,462136,phi,41,0.6176470588,1,0.5029275356,0.4642948529
20160615,Mike Pelfrey,P,460059,chw,9,0.1470588235,1,0,0.355284474
20160615,Nathan Karns,P,501992,tam,33,0.5,1,0.3655729931,0.3061623877
20160615,Noah Syndergaard,P,592789,pit,67,1,0,0.6994489792,0.5652225489
20160615,Patrick Corbin,P,571578,lad,31,0.4705882353,0,0.2100142256,0.1276610499
20160615,Sonny Gray,P,543243,tex,12,0.1911764706,0,0.1851891297,0.3079906327
20160615,Stephen Strasburg,P,544931,chc,42,0.6323529412,0,0.7971391549,0
20160615,Steven Wright,P,453214,bal,37,0.5588235294,0,0.6064702467,0.3971159053
20160615,Tyler Duffey,P,608648,laa,7,0.1176470588,1,0.2310356807,0.5512161023
20160612,Aaron Sanchez,P,592717,bal,30,0.5540540541,0,0.8075845157,0.2984987158
20160612,Adam Conley,P,543045,ari,6,0.2297297297,1,0.4680519698,0.5331868926
20160612,Adam Morgan,P,605388,was,35,0.6216216216,1,0,0.0545888599
20160612,Carlos Rodon,P,607074,kan,33,0.5945945946,0,0.4080475527,0.3001290488
20160612,Cole Hamels,P,430935,sea,45,0.7567567568,1,0.7472945083,0.1871963117
20160612,Dallas Keuchel,P,572971,tam,30,0.5540540541,1,0.4016579466,0.2264530139
20160612,Danny Salazar,P,517593,laa,50,0.8243243243,1,1,0.4527489072
20160612,Jake Peavy,P,408241,lad,39,0.6756756757,0,0.0745695203,0
20160612,Joe Ross,P,605452,phi,36,0.6351351351,0,0.556901003,0.3736234358
20160612,John Lamb,P,543424,oak,3,0.1891891892,0,0.0781984205,0.4049208469
20160612,Jon Lester,P,452657,atl,54,0.8783783784,1,0.9630750836,0.5477251457
20160612,Jon Niese,P,477003,stl,7,0.2432432432,0,0.4521845751,0.2800194173
20160612,Kendall Graveman,P,608665,cin,24,0.472972973,1,0.1276512296,1
20160612,Matt Moore,P,519043,hou,63,1,0,0.3062174903,0.4407291803
20160612,Michael Fulmer,P,605242,nyy,39,0.6756756757,1,0.8853297996,0.1962295743
20160612,Michael Pineda,P,501381,det,36,0.6351351351,0,0.3665074977,0.4346744239
20160612,Mike Leake,P,502190,pit,45,0.7567567568,1,0.3538158666,0.5417307656
20160612,Rick Porcello,P,519144,min,33,0.5945945946,1,0.6870045009,0.6902720236
20160612,Robbie Ray,P,592662,mia,53,0.8648648649,0,0.3982384793,0.2378712268
20160612,Steven Matz,P,571927,mil,21,0.4324324324,1,0.8767620919,0.5656857963
20160612,Ubaldo Jimenez,P,434622,tor,-11,0,1,0.1697662729,0.2338749842
20160612,Wade Miley,P,489119,tex,24,0.472972973,0,0.3823748924,0.1755248297
20160612,Yordano Ventura,P,570649,chw,60,0.9594594595,1,0.2046730182,0.1996064949
20160612,Zach Davies,P,605200,nym,51,0.8378378378,0,0.3893547183,0.2123699401
20160608,Alfredo Simon,P,430580,stl,6,0.1923076923,0,0,0.3885077944
20160608,Chase Anderson,P,502624,oak,44,0.6794871795,0,0.3388424242,0.5122088487
20160608,Chris Rusin,P,543734,lad,39,0.6153846154,1,0.1515151515,0.1265079005
20160608,Chris Tillman,P,501957,kan,61,0.8974358974,0,0.6540393939,0.3838127726
20160608,David Price,P,456034,sfo,39,0.6153846154,1,0.7171727273,0.3409577665
20160608,Doug Fister,P,450729,tex,42,0.6538461538,1,0.4297515152,0.2602099405
20160608,Drew Pomeranz,P,519141,atl,24,0.4230769231,0,0.8126727273,0.6089577279
20160608,Edinson Volquez,P,450172,bal,17,0.3333333333,1,0.5050515152,0.3961036455
20160608,Jaime Garcia,P,448802,cin,8,0.2179487179,1,0.5454545455,1
20160608,Jake Odorizzi,P,543606,ari,42,0.6538461538,1,0.4217181818,0.5953888928
20160608,James Shields,P,448306,was,-9,0,0,0.4352606061,0.1883898588
20160608,Jered Weaver,P,450308,nyy,4,0.1666666667,1,0.3278242424,0.2953145592
20160608,Jesse Hahn,P,534910,mil,2,0.141025641,1,0.1060606061,0.658284923
20160608,John Lackey,P,407793,phi,57,0.8461538462,1,0.8539939394,0.368501095
20160608,Jordan Zimmermann,P,519455,tor,2,0.141025641,0,0.7181818182,0.2969018302
20160608,Julio Teheran,P,527054,sdg,54,0.8076923077,1,0.5378787879,0.6087115176
20160608,Kenta Maeda,P,628317,col,44,0.6794871795,0,0.5922878788,0.7261761162
20160608,Madison Bumgarner,P,518516,bos,30,0.5,0,1,0.4025928596
20160608,Max Scherzer,P,453286,chw,51,0.7692307692,1,0.9040393939,0.2491894083
20160608,Nathan Eovaldi,P,543135,laa,13,0.2820512821,0,0.6143242424,0.5051957827
20160608,Noah Syndergaard,P,592789,pit,27,0.4615384615,1,0.983469697,0.5463312453
20160608,R.A. Dickey,P,285079,det,25,0.4358974359,1,0.3838393939,0.502190183
20160608,Ricky Nolasco,P,445060,mia,11,0.2564102564,0,0.4132242424,0.2901677153
20160608,Taijuan Walker,P,592836,cle,69,1,0,0.3774090909,0.2020138447
20160608,Vince Velasquez,P,592826,chc,1,0.1282051282,0,0.674930303,0
20160608,Wei-Yin Chen,P,612672,min,7,0.2051282051,1,0.4462818182,0.6743516645
20160606,Adam Morgan,P,605388,chc,24,0.3709677419,0,0,0
20160606,Chris Archer,P,502042,ari,57,0.9032258065,1,0.5951983504,0.9635269788
20160606,Colby Lewis,P,407890,hou,21,0.3225806452,0,0.635494403,0.8365718652
20160606,J.A. Happ,P,457918,det,6,0.0806451613,1,0.6652510474,0.8567322661
20160606,Jon Lester,P,452657,phi,63,1,1,1,0.6196302135
20160606,Masahiro Tanaka,P,547888,laa,24,0.3709677419,0,0.683846393,0.8000014886
20160606,Matt Shoemaker,P,533167,nyy,29,0.4516129032,1,0.4219977416,0.5271991013
20160606,Michael Fulmer,P,605242,tor,45,0.7096774194,0,0.9643967662,0.4467621827
20160606,Mike Fiers,P,571666,tex,10,0.1451612903,1,0.3851752749,0.4164581503
20160606,Mike Wright,P,605541,kan,45,0.7096774194,0,0.1928801715,0.5814566024
20160606,Robbie Ray,P,592662,tam,16,0.2419354839,0,0.5127528476,0.4744688484
20160606,Trevor Bauer,P,545333,sea,62,0.9838709677,1,0.4851237235,0.5522101089
20160606,Tyler Chatwood,P,543022,lad,48,0.7580645161,1,0.6503706795,0.1988887158
20160606,Williams Perez,P,554234,sdg,1,0,1,0.2082228659,1
20160604,Andrew Cashner,P,488768,col,29,0.6444444444,0,0.1471849814,0.7105558487
20160604,Bartolo Colon,P,112526,mia,15,0.3333333333,1,0.3493602341,0.1543539155
20160604,Chad Bettis,P,518452,sdg,12,0.2666666667,1,0.2236439243,0.5414291804
20160604,Chris Sale,P,519242,det,13,0.2888888889,1,0.7750338443,0.4817706148
20160604,Clayton Kershaw,P,477132,atl,42,0.9333333333,0,1,0.4681506741
20160604,Collin McHugh,P,543521,oak,19,0.4222222222,0,0.3383335517,0.4085251492
20160604,Dan Straily,P,573185,was,24,0.5333333333,0,0.3897962551,0
20160604,Ervin Santana,P,429722,tam,15,0.3333333333,0,0.2199683635,0.1382117408
20160604,Ian Kennedy,P,453178,cle,21,0.4666666667,1,0.4779442091,0.0961640706
20160604,Jason Hammel,P,434628,ari,45,1,0,0.497353111,0.5656224961
20160604,Jeff Locke,P,502046,laa,30,0.6666666667,0,0.23048071,0.3925091454
20160604,Jeff Samardzija,P,502188,stl,3,0.0666666667,1,0.6118219621,0.2649372793
20160604,Jeremy Hellickson,P,476451,mil,18,0.4,0,0.4309649621,0.568627451
20160604,Jhoulys Chacin,P,468504,pit,9,0.2,1,0.3089242131,0.5172965805
20160604,Josh Tomlin,P,458708,kan,40,0.8888888889,0,0.4275344387,0.2123488365
20160604,Junior Guerra,P,448855,phi,18,0.4,1,0.4989713282,0.2488369261
20160604,Justin Nicolino,P,592593,nym,16,0.3555555556,0,0.1032820453,0.1594694646
20160604,Kendall Graveman,P,608665,hou,1,0.0222222222,1,0.1698278916,0.4222467248
20160604,Marcus Stroman,P,573186,bos,11,0.2444444444,1,0.3648000155,0.3097064913
20160604,Martin Perez,P,527048,sea,24,0.5333333333,0,0.276576852,0.2039139005
20160604,Michael Wacha,P,608379,sfo,15,0.3333333333,0,0.2368759432,0.1900223705
20160604,Mike Pelfrey,P,460059,chw,33,0.7333333333,0,0,0.0708074534
20160604,Nathan Karns,P,501992,tex,6,0.1333333333,1,0.4658136454,0.1437033429
20160604,Stephen Strasburg,P,544931,cin,37,0.8222222222,1,0.8213483364,1
20160604,Steven Wright,P,453214,tor,36,0.8,0,0.6041020714,0.1341467022
20160604,Tyler Wilson,P,592869,nyy,0,0,0,0.1795323425,0.2211062847
20160602,Aaron Blair,P,594760,sfo,3,0.1333333333,0,0,0.3946136656
20160602,Alfredo Simon,P,430580,col,39,0.6133333333,1,0.0032676471,1
20160602,Chase Anderson,P,502624,phi,44,0.68,1,0.3588235294,0.3992322953
20160602,Colin Rea,P,607067,sea,10,0.2266666667,0,0.4248352941,0.2531610577
20160602,Dallas Keuchel,P,572971,ari,27,0.4533333333,0,0.4786088235,0.8985973219
20160602,Jerad Eickhoff,P,595191,mil,26,0.44,0,0.5058823529,0.8646716353
20160602,Juan Nicasio,P,504379,mia,21,0.3733333333,1,0.5686264706,0.2664637225
20160602,Kyle Hendricks,P,543294,lad,48,0.7333333333,0,0.6405235294,0
20160602,Madison Bumgarner,P,518516,atl,68,1,1,1,0.6786714429
20160602,Matt Moore,P,519043,min,15,0.2933333333,1,0.4794117647,0.8402730454
20160602,Michael Pineda,P,501381,det,38,0.6,1,0.4058823529,0.7759448457
20160602,Phil Hughes,P,461833,tam,6,0.1733333333,0,0.1764705882,0.249955641
20160602,Rick Porcello,P,519144,bal,12,0.2533333333,1,0.8058823529,0.5500109593
20160602,Ubaldo Jimenez,P,434622,bos,9,0.2133333333,0,0.3088235294,0.4457251383
20160602,Wade Miley,P,489119,sdg,-7,0,1,0.5352941176,0.8459779928
20160602,Wei-Yin Chen,P,612672,pit,27,0.4533333333,0,0.5235294118,0.7599061905
20160602,Yordano Ventura,P,570649,cle,24,0.4133333333,1,0.3911764706,0.21230444
20160602,Zack Greinke,P,425844,hou,66,0.9733333333,1,0.6497323529,0.6848456951
20160601,Aaron Sanchez,P,592717,nyy,50,0.7714285714,0,0.7592359755,0.228947268
20160601,Adam Conley,P,543045,pit,45,0.7,0,0.4420389273,0.5001563583
20160601,Adam Morgan,P,605388,was,18,0.3142857143,0,0,0.0196855493
20160601,Chris Archer,P,502042,kan,18,0.3142857143,1,0.6143610008,0.2207031881
20160601,Cole Hamels,P,430935,cle,27,0.4428571429,1,0.8777071622,0.1291984119
20160601,Jacob deGrom,P,594798,chw,48,0.7428571429,0,0.6082807538,0.0725042964
20160601,Jaime Garcia,P,448802,mil,18,0.3142857143,1,0.6675163471,0.5971281838
20160601,Jon Lester,P,452657,lad,66,1,0,0.8509556039,0
20160601,Jon Niese,P,477003,mia,27,0.4428571429,1,0.476433788,0.1736163569
20160601,Masahiro Tanaka,P,547888,tor,21,0.3571428571,1,0.6980895566,0.2031072056
20160601,Matt Shoemaker,P,533167,det,39,0.6142857143,0,0.3545651534,0.5336024261
20160601,Max Scherzer,P,453286,phi,63,0.9571428571,1,1,0.2084694107
20160601,Michael Fulmer,P,605242,laa,59,0.9,1,0.789809185,0.3961414724
20160601,Mike Fiers,P,571666,ari,36,0.5714285714,0,0.329086205,0.5637511229
20160601,Mike Wright,P,605541,bos,-4,0,0,0.3121027871,0.245810323
20160601,Robbie Ray,P,592662,hou,24,0.4,1,0.5108286486,0.4486090333
20160601,Sean Manaea,P,640455,min,51,0.7857142857,0,0.0445872043,0.5370550749
20160601,Trevor Bauer,P,545333,tex,30,0.4857142857,0,0.452231271,0.1772329659
20160601,Tyler Chatwood,P,543022,cin,20,0.3428571429,0,0.6675163471,1
20160601,Williams Perez,P,554234,sfo,14,0.2571428571,0,0.2465882209,0.2523081041
20160601,Zach Davies,P,605200,stl,63,0.9571428571,0,0.2022303156,0.2896781692
20160529,Bartolo Colon,P,112526,lad,21,0.3111111111,0,0.3817583538,0.1449663084
20160529,Brandon Finnegan,P,605232,mil,19,0.2666666667,1,0.2159883044,0.6735964569
20160529,Chris Sale,P,519242,kan,36,0.6444444444,1,0.7901615756,0.3246749016
20160529,Chris Tillman,P,501957,cle,27,0.4444444444,1,0.5480403166,0.1895232944
20160529,Clayton Kershaw,P,477132,nym,47,0.8888888889,1,1,0.2952840498
20160529,David Price,P,456034,tor,22,0.3333333333,1,0.5872409014,0.3226503571
20160529,Doug Fister,P,450729,laa,33,0.5777777778,1,0.2741481367,0.4865638552
20160529,Drew Pomeranz,P,519141,ari,24,0.3777777778,1,0.6072262819,0.6446432407
20160529,Edinson Volquez,P,450172,chw,24,0.3777777778,0,0.414297145,0.1750593713
20160529,Francisco Liriano,P,434538,tex,21,0.3111111111,1,0.4253148153,0.308287416
20160529,Jake Odorizzi,P,543606,nyy,33,0.5777777778,0,0.2920835572,0.3618158264
20160529,Jimmy Nelson,P,519076,cin,43,0.8,0,0.4788628141,1
20160529,John Lackey,P,407793,phi,48,0.9111111111,0,0.5790410615,0.2602619263
20160529,Johnny Cueto,P,456501,col,42,0.7777777778,1,0.7348195735,0.6635239391
20160529,Julio Teheran,P,527054,mia,16,0.2,0,0.4396622293,0.2756397851
20160529,Martin Perez,P,527048,pit,33,0.5777777778,0,0.2759421399,0.6560214723
20160529,Michael Wacha,P,608379,was,27,0.4444444444,1,0.2482711389,0.1428269911
20160529,Mike Pelfrey,P,460059,oak,26,0.4222222222,1,0,0.5368654621
20160529,Nathan Eovaldi,P,543135,tam,48,0.9111111111,1,0.4663094033,0.2268536079
20160529,Nick Tropeano,P,607374,hou,18,0.2444444444,0,0.4253148153,0.557426678
20160529,R.A. Dickey,P,285079,bos,10,0.0666666667,0,0.2782480567,0.3993903147
20160529,Rich Hill,P,448179,det,52,1,0,0.63797107,0.6529759165
20160529,Ricky Nolasco,P,445060,sea,45,0.8444444444,1,0.2305916752,0.1935921976
20160529,Stephen Strasburg,P,544931,stl,39,0.7111111111,0,0.8316680771,0.3861862157
20160529,Taijuan Walker,P,592836,min,7,0,0,0.3843202273,0.6356187243
20160529,Tom Koehler,P,543408,atl,33,0.5777777778,1,0.2075325077,0.555691454
20160529,Vince Velasquez,P,592826,chc,11,0.0888888889,1,0.5944146084,0
20160523,Adam Wainwright,P,425794,chc,21,0.3606557377,0,0.246691331,0
20160523,Bartolo Colon,P,112526,was,36,0.606557377,1,0.4106496905,0.0819022527
20160523,Brandon Finnegan,P,605232,lad,27,0.4590163934,1,0.261130341,0.2016797798
20160523,Clayton Kershaw,P,477132,cin,60,1,0,1,1
20160523,Cody Anderson,P,594736,chw,57,0.9508196721,1,0,0.0343792331
20160523,Derek Holland,P,502706,laa,26,0.4426229508,0,0.1696746132,0.4937218041
20160523,Drew Pomeranz,P,519141,sfo,33,0.5573770492,1,0.657039938,0.4236710465
20160523,Gio Gonzalez,P,461829,nym,15,0.262295082,0,0.5135379257,0.2087105324
20160523,Ian Kennedy,P,453178,min,13,0.2295081967,1,0.5758123838,0.6236674083
20160523,John Lackey,P,407793,stl,39,0.6557377049,1,0.6110109906,0.3368594768
20160523,Johnny Cueto,P,456501,sdg,57,0.9508196721,0,0.7304458201,0.5334029505
20160523,Mat Latos,P,502009,cle,33,0.5573770492,0,0.3240069661,0.1833499709
20160523,Matt Moore,P,519043,mia,9,0.1639344262,1,0.3483752323,0.2220482276
20160523,Mike Pelfrey,P,460059,phi,15,0.262295082,0,0.0640787929,0.2081641188
20160523,Nick Tropeano,P,607374,tex,50,0.8360655738,1,0.4187724459,0.2831827996
20160523,Rich Hill,P,448179,sea,54,0.9016393443,1,0.6365835907,0.1257363302
20160523,Ricky Nolasco,P,445060,kan,-1,0,0,0.3510828174,0.2856455636
20160523,Taijuan Walker,P,592836,oak,37,0.6229508197,0,0.4106496905,0.5075575884
20160523,Vince Velasquez,P,592826,det,9,0.1639344262,1,0.7084840556,0.6344577754
20160523,Wei-Yin Chen,P,612672,tam,11,0.1967213115,0,0.4296027864,0.1684887183
20160522,Adam Conley,P,543045,was,4,0.1621621622,0,0.5615868219,0.0785217335
20160522,Alfredo Simon,P,430580,sea,3,0.1486486486,0,0,0.1082819093
20160522,Carlos Rodon,P,607074,kan,38,0.6216216216,0,0.4665973,0.2698951843
20160522,Chase Anderson,P,502624,nym,24,0.4324324324,1,0.3168061308,0.2083449707
20160522,Chris Archer,P,502042,det,3,0.1486486486,1,0.6281613244,0.6314587243
20160522,Cole Hamels,P,430935,hou,66,1,1,0.758872752,0.5675837245
20160522,Colin Rea,P,607067,lad,15,0.3108108108,0,0.419102539,0.1684585672
20160522,Dallas Keuchel,P,572971,tex,15,0.3108108108,0,0.4235685079,0.2936039448
20160522,Danny Salazar,P,517593,bos,19,0.3648648649,1,0.952505239,0.3176228421
20160522,Jaime Garcia,P,448802,ari,-8,0,0,0.7369520931,0.560890916
20160522,Jerad Eickhoff,P,595191,atl,42,0.6756756757,0,0.4117956527,0.5708464188
20160522,Jered Weaver,P,450308,bal,45,0.7162162162,0,0.2656579267,0.2780868671
20160522,Jordan Zimmermann,P,519455,tam,32,0.5405405405,0,0.7771399678,0.1187483766
20160522,Kenta Maeda,P,628317,sdg,18,0.3513513514,1,0.6236953555,0.4790353492
20160522,Kyle Hendricks,P,543294,sfo,16,0.3243243243,1,0.5594999752,0.4390214932
20160522,Madison Bumgarner,P,518516,chc,53,0.8243243243,0,0.9626530427,0
20160522,Marcus Stroman,P,573186,min,41,0.6621621622,1,0.5632118734,0.6158660035
20160522,Max Scherzer,P,453286,mia,54,0.8378378378,1,0.8814647677,0.1608926871
20160522,Michael Pineda,P,501381,oak,39,0.6351351351,1,0.3898749938,0.4944788573
20160522,Noah Syndergaard,P,592789,mil,66,1,0,1,0.7556313383
20160522,Phil Hughes,P,461833,tor,9,0.2297297297,0,0.1816287342,0.2864863863
20160522,Rick Porcello,P,519144,cle,38,0.6216216216,0,0.8136743993,0.1723052012
20160522,Ubaldo Jimenez,P,434622,laa,8,0.2162162162,1,0.3935284369,0.4965765094
20160522,Wade Miley,P,489119,cin,36,0.5945945946,1,0.5140920609,1
20160522,Yordano Ventura,P,570649,chw,18,0.3513513514,1,0.4008353232,0.0310278711
20160522,Zack Greinke,P,425844,stl,54,0.8378378378,1,0.5632118734,0.3018201826
20160520,Aaron Nola,P,605400,atl,33,0.671875,0,0.7232472325,0.6305838217
20160520,Aaron Sanchez,P,592717,min,48,0.90625,1,0.5461254613,0.6110744502
20160520,Anibal Sanchez,P,434671,tam,12,0.34375,0,0.2767527675,0.0877890564
20160520,Carlos Martinez,P,593372,ari,12,0.34375,0,0.5113328413,0.5118055869
20160520,Clay Buchholz,P,453329,cle,18,0.4375,0,0.1549815498,0.1620401968
20160520,Colby Lewis,P,407890,hou,51,0.953125,1,0.4354243542,0.6062563234
20160520,Corey Kluber,P,446372,bos,45,0.859375,1,0.5166051661,0.3238010439
20160520,Dan Straily,P,573185,sea,30,0.625,0,0.405904059,0.1378158192
20160520,Gerrit Cole,P,543037,col,30,0.625,0,0.5914597786,0.6777935221
20160520,Hector Santiago,P,502327,bal,2,0.1875,0,0.4575645756,0.2975169603
20160520,Hisashi Iwakuma,P,547874,cin,39,0.765625,1,0.295202952,1
20160520,Jake Arrieta,P,453562,sfo,54,1,1,1,0.4222003217
20160520,Jake Peavy,P,408241,chc,-10,0,0,0.0701107011,0
20160520,Jose Quintana,P,500779,kan,22,0.5,0,0.7749077491,0.3169446131
20160520,Matt Wisler,P,605538,phi,50,0.9375,1,0.3932516605,0.1918739592
20160520,Mike Wright,P,605541,laa,19,0.453125,1,0.2779837638,0.4595057764
20160520,Patrick Corbin,P,571578,stl,46,0.875,1,0.2472324723,0.2568785602
20160520,Scott Kazmir,P,431148,sdg,17,0.421875,1,0.3911439114,0.4851010699
20160520,Sonny Gray,P,543243,nyy,7,0.265625,0,0.2767527675,0.3993605381
20160520,Steven Matz,P,571927,mil,51,0.953125,0,0.7109461255,0.7723821907
20160520,Tanner Roark,P,543699,mia,50,0.9375,1,0.5055350554,0.1711455698
20160520,Wily Peralta,P,503449,nym,26,0.5625,1,0,0.2110578718
20160710,A.J. Griffin,P,456167,min,6,0.0131578947,0,0.4575475368,0.5462795988
20160710,Anibal Sanchez,P,434671,tor,15,0.1315789474,1,0.0525822363,0.1759539759
20160710,Archie Bradley,P,605151,sfo,30,0.3289473684,1,0.4718124669,0.2116836266
20160710,Carlos Carrasco,P,471911,nyy,20,0.1973684211,0,0.7840810071,0.3014242699
20160710,Chris Tillman,P,501957,laa,45,0.5263157895,0,0.6217984626,0.4348861676
20160710,Christian Friedrich,P,543184,lad,27,0.2894736842,1,0.3901207481,0
20160710,Dallas Keuchel,P,572971,oak,33,0.3684210526,0,0.4316162512,0.3819251102
20160710,David Price,P,456034,tam,66,0.8026315789,0,0.7320161516,0.334102576
20160710,Gio Gonzalez,P,461829,nym,32,0.3552631579,1,0.4331411633,0.1934872741
20160710,Jake Odorizzi,P,543606,bos,15,0.1315789474,1,0.338686086,0.3589257081
20160710,James Shields,P,448306,atl,23,0.2368421053,0,0.1654101702,0.4901835314
20160710,John Lackey,P,407793,pit,30,0.3289473684,1,0.7351943485,0.461302197
20160710,Jon Niese,P,477003,chc,5,0,0,0.2844038839,0.0640643644
20160710,Junior Guerra,P,448855,stl,23,0.2368421053,0,0.7039219805,0.1373803333
20160710,Kenta Maeda,P,628317,sdg,69,0.8421052632,0,0.5910318053,0.5412096111
20160710,Madison Bumgarner,P,518516,ari,81,1,0,1,0.4983147862
20160710,Masahiro Tanaka,P,547888,cle,20,0.1973684211,1,0.5887444372,0.0755038854
20160710,Mike Foltynewicz,P,592314,chw,63,0.7631578947,1,0.2792534155,0.2697782815
20160710,Mike Leake,P,502190,mil,60,0.7236842105,1,0.2775378894,0.5338970286
20160710,R.A. Dickey,P,285079,det,45,0.5263157895,0,0.3775869044,0.3890773612
20160710,Sean Manaea,P,640455,hou,39,0.4473684211,1,0.1864205023,0.3013583703
20160710,Steven Matz,P,571927,was,27,0.2894736842,0,0.6157454953,0.066178454
20160710,Tom Koehler,P,543408,cin,9,0.0526315789,0,0.3049979772,1
20160710,Tommy Milone,P,543548,tex,30,0.3289473684,1,0,0.2682729082
20160710,Tyler Chatwood,P,543022,phi,9,0.0526315789,0,0.4731078642,0.4539277013
20160705,A.J. Griffin,P,456167,bos,15,0.25,1,0.5617312121,0.3627472449
20160705,Anibal Sanchez,P,434671,cle,10,0.1607142857,1,0.1625693673,0.0769772609
20160705,Brandon Finnegan,P,605232,chc,24,0.4107142857,1,0.2725397915,0.0247787855
20160705,Carlos Carrasco,P,471911,det,42,0.7321428571,0,0.7768437847,0.3994679947
20160705,Carlos Rodon,P,607074,nyy,9,0.1428571429,0,0.4668029917,0.3058348521
20160705,Chris Tillman,P,501957,lad,36,0.625,1,0.6413942778,0
20160705,Chris Young,P,432934,tor,1,0,1,0.10160629,0.2192766642
20160705,Christian Friedrich,P,543184,ari,15,0.25,1,0.4877046182,0.4516169188
20160705,Dallas Keuchel,P,572971,sea,42,0.7321428571,0,0.4487718553,0.2093420804
20160705,David Price,P,456034,tex,45,0.7857142857,0,0.7274602085,0.2338620586
20160705,Gio Gonzalez,P,461829,mil,21,0.3571428571,0,0.4942363765,0.5195046592
20160705,Jake Odorizzi,P,543606,laa,7,0.1071428571,0,0.4323780129,0.4729985498
20160705,John Lackey,P,407793,cin,15,0.25,0,0.7946972574,1
20160705,Kenta Maeda,P,628317,bal,15,0.25,0,0.6575303335,0.3772615497
20160705,Madison Bumgarner,P,518516,col,36,0.625,0,1,0.6412323205
20160705,Masahiro Tanaka,P,547888,chw,53,0.9285714286,1,0.5726174758,0.2320012019
20160705,Mike Foltynewicz,P,592314,phi,17,0.2857142857,1,0.378218415,0.444783145
20160705,Mike Leake,P,502190,pit,12,0.1964285714,0,0.3657784637,0.4613087069
20160705,R.A. Dickey,P,285079,kan,57,1,0,0.3668026434,0.2498865811
20160705,Sean Manaea,P,640455,min,12,0.1964285714,1,0.2926227709,0.5693176107
20160705,Steven Matz,P,571927,mia,33,0.5714285714,0,0.6419795234,0.3038710571
20160705,Taijuan Walker,P,592836,hou,12,0.1964285714,1,0.4737702006,0.2880681213
20160705,Tommy Milone,P,543548,oak,33,0.5714285714,0,0,0.3734617022
20160705,Tyler Chatwood,P,543022,sfo,24,0.4107142857,1,0.5275187331,0.2411197766
20160705,Wei-Yin Chen,P,612672,nym,45,0.7857142857,1,0.3244106612,0.2027176601
20160705,Zach Davies,P,605200,was,35,0.6071428571,1,0.4478905033,0.0633113051
20160630,A.J. Griffin,P,456167,nyy,36,0.5595238095,1,0.4814566413,0.3383626908
20160630,Brandon Finnegan,P,605232,was,-11,0,1,0.2791048186,0.1049073605
20160630,Carlos Carrasco,P,471911,tor,73,1,1,0.5884973688,0.3054179362
20160630,Carlos Rodon,P,607074,min,23,0.4047619048,0,0.4209143438,0.6727682876
20160630,Chris Tillman,P,501957,sea,11,0.2619047619,1,0.6430071785,0.2880307806
20160630,Chris Young,P,432934,stl,24,0.4166666667,1,0,0.1967174224
20160630,Gio Gonzalez,P,461829,cin,45,0.6666666667,0,0.396872835,1
20160630,Jake Odorizzi,P,543606,det,30,0.4880952381,0,0.3643224599,0.489439113
20160630,John Lackey,P,407793,nym,28,0.4642857143,1,0.7776676346,0.2539706517
20160630,Jordan Zimmermann,P,519455,tam,15,0.3095238095,1,0.5025132295,0.3536769559
20160630,Kenta Maeda,P,628317,mil,45,0.6666666667,1,0.5811271945,0.5700552151
20160630,Madison Bumgarner,P,518516,oak,31,0.5,1,1,0.4164485857
20160630,Michael Pineda,P,501381,tex,51,0.7380952381,0,0.3944185669,0.230257077
20160630,Mike Foltynewicz,P,592314,mia,9,0.2380952381,0,0.4165290901,0.3059016177
20160630,Mike Leake,P,502190,kan,27,0.4523809524,0,0.2961483469,0.3038238038
20160630,R.A. Dickey,P,285079,cle,24,0.4166666667,0,0.304439793,0.0601321415
20160630,Steven Matz,P,571927,chc,25,0.4285714286,0,0.6158996772,0
20160630,Taijuan Walker,P,592836,bal,43,0.6428571429,0,0.3761663301,0.3769677254
20160630,Wei-Yin Chen,P,612672,atl,10,0.25,1,0.2912361256,0.4943143757
20160630,Zach Davies,P,605200,lad,4,0.1785714286,0,0.4543233443,0.0929702865
20160704,Aaron Sanchez,P,592717,kan,42,0.6785714286,0,0.6608499544,0.2548350153
20160704,Archie Bradley,P,605151,sdg,24,0.3571428571,0,0.4017690056,0.5181878342
20160704,Carlos Martinez,P,593372,pit,33,0.5178571429,0,0.519065594,0.4763160455
20160704,CC Sabathia,P,282332,chw,30,0.4642857143,1,0.3945914173,0.2330295283
20160704,Danny Salazar,P,517593,det,26,0.3928571429,0,0.926928552,0.4021317649
20160704,Edinson Volquez,P,450172,tor,21,0.3035714286,1,0.2496641129,0.2342298602
20160704,Jake Peavy,P,408241,col,47,0.7678571429,0,0.0260632428,0.6601603653
20160704,James Shields,P,448306,nyy,33,0.5178571429,0,0.0335607236,0.2826853345
20160704,Jerad Eickhoff,P,595191,atl,53,0.875,0,0.4109339262,0.4565178108
20160704,Jon Niese,P,477003,stl,35,0.5535714286,1,0.1585187377,0.1332179659
20160704,Julio Urias,P,628711,bal,4,0,0,0.2684817901,0.3727639914
20160704,Junior Guerra,P,448855,was,55,0.9107142857,1,0.544752963,0.0716586074
20160704,Kendall Graveman,P,608665,min,38,0.6071428571,1,0.0205650901,0.5910431122
20160704,Kyle Hendricks,P,543294,cin,34,0.5357142857,0,0.5590521585,1
20160704,Lance McCullers,P,621121,sea,60,1,0,0.5983709474,0.2185400759
20160704,Matt Harvey,P,518774,mia,8,0.0714285714,0,0.17851202,0.2891488544
20160704,Matt Moore,P,519043,laa,35,0.5535714286,0,0.3309607972,0.4784140673
20160704,Max Scherzer,P,453286,mil,36,0.5714285714,0,1,0.548669345
20160704,Nick Tropeano,P,607374,tam,21,0.3035714286,1,0.4044361095,0.3165783654
20160704,Rick Porcello,P,519144,tex,30,0.4642857143,0,0.5608835431,0.1907976261
20160704,Ricky Nolasco,P,445060,oak,21,0.3035714286,0,0.1685153788,0.3948182379
20160704,Tom Koehler,P,543408,nym,9,0.0892857143,1,0.2459893476,0.194961316
20160704,Wade Miley,P,489119,hou,20,0.2857142857,1,0.1628012988,0.3049431177
20160704,Yovani Gallardo,P,451596,lad,15,0.1964285714,1,0,0
20160628,Adam Conley,P,543045,det,25,0.4912280702,1,0.498955133,0.5109713015
20160628,CC Sabathia,P,282332,tex,9,0.2105263158,0,0.6254390274,0.2076734566
20160628,Chase Anderson,P,502624,lad,-3,0,0,0.3011526532,0.0785349564
20160628,Chris Archer,P,502042,bos,34,0.649122807,0,0.6101619727,0.3602709411
20160628,Cole Hamels,P,430935,nyy,54,1,1,0.8753492055,0.33752248
20160628,Corey Kluber,P,446372,atl,51,0.9473684211,1,0.8460196068,0.5161667354
20160628,Eddie Butler,P,572750,tor,4,0.1228070175,0,0.1106422449,0.3029812287
20160628,Hisashi Iwakuma,P,547874,pit,38,0.7192982456,0,0.5111745771,0.59561905
20160628,J.A. Happ,P,457918,col,21,0.4210526316,1,0.6333800163,0.7016945309
20160628,Jerad Eickhoff,P,595191,ari,27,0.5263157895,1,0.5844985738,0.5049049484
20160628,John Lamb,P,543424,chc,33,0.6315789474,0,0.1445545934,0
20160628,Jon Lester,P,452657,cin,32,0.6140350877,1,1,1
20160628,Jon Niese,P,477003,sea,8,0.1929824561,1,0.3840784273,0.3004988678
20160628,Jose Quintana,P,500779,min,33,0.6315789474,0,0.7213688124,0.6765064557
20160628,Julio Urias,P,628711,mil,42,0.7894736842,1,0.3535279841,0.6041624158
20160628,Kendall Graveman,P,608665,sfo,12,0.2631578947,1,0.2409243223,0.2586189559
20160628,Kyle Gibson,P,502043,chw,54,1,1,0,0.3122453715
20160628,Matt Harvey,P,518774,was,17,0.350877193,1,0.3816367383,0.1252540255
20160628,Matt Wisler,P,605538,cle,39,0.7368421053,0,0.395428982,0.0720987426
20160628,Michael Wacha,P,608379,kan,33,0.6315789474,1,0.4207404257,0.3051536706
20160628,Mike Pelfrey,P,460059,mia,19,0.3859649123,0,0.0078566663,0.2612790785
20160628,Rick Porcello,P,519144,tam,51,0.9473684211,1,0.6724873699,0.3626834581
20160628,Ubaldo Jimenez,P,434622,sdg,39,0.7368421053,1,0.1990233244,0.5520394725
20160628,Yordano Ventura,P,570649,stl,7,0.1754385965,0,0.4163776479,0.1972687112
20160628,Zack Greinke,P,425844,phi,9,0.2105263158,0,0.784306465,0.5361466518
20160626,Aaron Nola,P,605400,sfo,7,0.1267605634,1,0.3596734339,0.3613800204
20160626,Bartolo Colon,P,112526,atl,24,0.3661971831,1,0.2545294545,0.7478646441
20160626,Bud Norris,P,502032,nym,57,0.8309859155,0,0.052032721,0.3180609744
20160626,Chad Bettis,P,518452,ari,3,0.0704225352,0,0.1593498727,0.7014852119
20160626,Chris Sale,P,519242,tor,51,0.7464788732,0,0.6887802601,0.4491063806
20160626,Clay Buchholz,P,453329,tex,13,0.2112676056,1,0,0.3251239478
20160626,Clayton Kershaw,P,477132,pit,18,0.2816901408,1,1,0.8662165746
20160626,Doug Fister,P,450729,kan,26,0.3943661972,1,0.3196870632,0.5093704432
20160626,Drew Smyly,P,592767,bal,9,0.1549295775,1,0.3120192527,0.5274005623
20160626,Hector Santiago,P,502327,oak,18,0.2816901408,0,0.1325205848,0.6279711496
20160626,Ian Kennedy,P,453178,hou,63,0.9154929577,0,0.28902387,0.5820651051
20160626,Jaime Garcia,P,448802,sea,20,0.3098591549,1,0.2813587425,0.3992641518
20160626,Jason Hammel,P,434628,mia,21,0.323943662,1,0.3790924725,0.4308290165
20160626,Jimmy Nelson,P,519076,was,18,0.2816901408,0,0.2541457957,0.2133947055
20160626,Johnny Cueto,P,456501,phi,6,0.1126760563,0,0.7013014888,0.7850048245
20160626,Jose Fernandez,P,605228,chc,69,1,0,0.7949464353,0
20160626,Josh Tomlin,P,458708,det,36,0.5352112676,1,0.3416495183,0.7378588082
20160626,Justin Verlander,P,434378,cle,5,0.0985915493,0,0.5063411022,0.1670543455
20160626,Marcus Stroman,P,573186,chw,15,0.2394366197,1,0.2022767334,0.4977216278
20160626,Martin Perez,P,527048,bos,33,0.4929577465,0,0.1611367033,0.5130856038
20160626,Nathan Eovaldi,P,543135,min,15,0.2394366197,0,0.2430304217,1
20160626,Patrick Corbin,P,571578,col,-2,0,1,0.1861791606,0.9749145215
20160626,Sonny Gray,P,543243,laa,21,0.323943662,1,0.1332074145,0.707173879
20160626,Tanner Roark,P,543699,mil,54,0.7887323944,1,0.3900817488,0.8761047199
20160626,Tyler Duffey,P,608648,nyy,57,0.8309859155,1,0.0512197936,0.4557769024
20160626,Tyler Wilson,P,592869,tam,15,0.2394366197,0,0.082926646,0.5055920058
20160623,Christian Friedrich,P,543184,cin,21,0.4,1,0.5076701298,1
20160623,Eddie Butler,P,572750,ari,9,0,0,0.0153444624,0.4585821172
20160623,James Shields,P,448306,bos,15,0.2,1,0.0483659471,0.3432548145
20160623,Jerad Eickhoff,P,595191,min,39,1,1,0.4806544617,0.7405300572
20160623,John Lamb,P,543424,sdg,19,0.3333333333,0,0,0.6292592438
20160623,Jon Lester,P,452657,mia,36,0.9,1,1,0.2960417498
20160623,Jon Niese,P,477003,sfo,15,0.2,0,0.3065362114,0.2748478111
20160623,Kendall Graveman,P,608665,laa,29,0.6666666667,1,0.0869309394,0.5051108089
20160623,Matt Harvey,P,518774,atl,21,0.4,1,0.2855221572,0.5623395597
20160623,Matt Wisler,P,605538,nym,14,0.1666666667,0,0.3261675409,0.2610461446
20160623,Rick Porcello,P,519144,chw,10,0.0333333333,0,0.6757825634,0.3539625092
20160623,Ricky Nolasco,P,445060,phi,11,0.0666666667,0,0.3215486517,0.6121150574
20160623,Wei-Yin Chen,P,612672,chc,36,0.9,0,0.2404932419,0
20160623,Zack Greinke,P,425844,col,20,0.3666666667,1,0.7798525654,0.6605261604
20160621,Aaron Nola,P,605400,min,-6,0.04,1,0.5390164172,0.6949515301
20160621,Adam Wainwright,P,425794,chc,35,0.5866666667,1,0.2424389215,0
20160621,Bartolo Colon,P,112526,kan,1,0.1333333333,0,0.3890997884,0.3296267764
20160621,Bud Norris,P,502032,mia,28,0.4933333333,1,0.0411913188,0.3221197787
20160621,Chad Bettis,P,518452,nyy,48,0.76,1,0.1482887478,0.3384597688
20160621,Chris Sale,P,519242,bos,57,0.88,1,0.8238263769,0.3340188721
20160621,Clay Buchholz,P,453329,chw,21,0.4,0,0,0.3552177492
20160621,Colby Lewis,P,407890,cin,6,0.2,0,0.4213278763,1
20160621,Collin McHugh,P,543521,laa,33,0.56,0,0.2965774957,0.4971538523
20160621,Corey Kluber,P,446372,tam,66,1,0,0.5743256157,0.352226692
20160621,Hector Santiago,P,502327,hou,28,0.4933333333,1,0.1600562838,0.443128425
20160621,Ian Kennedy,P,453178,nym,12,0.28,1,0.4068450086,0.2859046128
20160621,Ivan Nova,P,467100,col,0,0.12,0,0.3089348914,0.6291188968
20160621,Jason Hammel,P,434628,stl,14,0.3066666667,0,0.5209120088,0.2974343422
20160621,Jimmy Nelson,P,519076,oak,18,0.36,1,0.3436542302,0.4848792232
20160621,Johnny Cueto,P,456501,pit,47,0.7466666667,1,0.8638412717,0.6019722601
20160621,Jose Fernandez,P,605228,atl,42,0.68,0,1,0.5685079772
20160621,Justin Verlander,P,434378,sea,30,0.52,0,0.6472935656,0.3090515514
20160621,Marco Estrada,P,462136,ari,33,0.56,0,0.594423684,0.4662114612
20160621,Patrick Corbin,P,571578,tor,34,0.5733333333,1,0.2165477061,0.3380368262
20160621,Scott Kazmir,P,431148,was,24,0.44,0,0.383669125,0.1838641889
20160621,Sonny Gray,P,543243,mil,36,0.6,0,0.1373054946,0.6340094604
20160621,Tanner Roark,P,543699,lad,28,0.4933333333,1,0.4990048177,0.1329605281
20160621,Tyler Duffey,P,608648,phi,-9,0,0,0.1680605809,0.5603348303
20160621,Tyler Wilson,P,592869,sdg,21,0.4,0,0.1120403873,0.6180527404
20160617,Aaron Sanchez,P,592717,bal,42,0.6865671642,1,0.6967314797,0.3727034616
20160617,Adam Conley,P,543045,col,29,0.4925373134,0,0.3542488725,0.6397879717
20160617,Adam Morgan,P,605388,ari,25,0.4328358209,0,0.0660841312,0.5353952793
20160617,Chris Archer,P,502042,sfo,30,0.5074626866,0,0.538933695,0.2902710157
20160617,Christian Friedrich,P,543184,was,9,0.1940298507,0,0.6117642261,0.1635149299
20160617,Cole Hamels,P,430935,stl,53,0.8507462687,1,0.6862737101,0.3226515638
20160617,Francisco Liriano,P,434538,chc,23,0.4029850746,1,0.4135084338,0
20160617,Hisashi Iwakuma,P,547874,bos,33,0.552238806,1,0.4457518073,0.3651542069
20160617,Jake Arrieta,P,453562,pit,63,1,0,1,0.5832483208
20160617,Jeff Samardzija,P,502188,tam,48,0.776119403,1,0.6366018536,0.300705988
20160617,Joe Ross,P,605452,sdg,39,0.6417910448,1,0.5069724128,0.6261155265
20160617,John Lamb,P,543424,hou,37,0.6119402985,1,0,0.4646160557
20160617,Jon Gray,P,592351,mia,24,0.4179104478,1,0.5743786345,0.3268119121
20160617,Jose Quintana,P,500779,cle,35,0.5820895522,1,0.6993450724,0.2335417547
20160617,Kendall Graveman,P,608665,laa,30,0.5074626866,0,0.121785264,0.5183348855
20160617,Lance McCullers,P,621121,cin,32,0.5373134328,0,0.6740724125,1
20160617,Masahiro Tanaka,P,547888,min,48,0.776119403,1,0.464050355,0.6915707406
20160617,Matt Harvey,P,518774,atl,21,0.3731343284,0,0.320261971,0.6134545727
20160617,Matt Shoemaker,P,533167,oak,36,0.5970149254,1,0.4078428174,0.5003978396
20160617,Michael Fulmer,P,605242,kan,29,0.4925373134,1,0.783588405,0.3557679052
20160617,Michael Wacha,P,608379,tex,41,0.671641791,0,0.2575153536,0.2709102922
20160617,Mike Wright,P,605541,tor,-4,0,0,0.1714809113,0.3016559808
20160617,Robbie Ray,P,592662,phi,45,0.7313432836,1,0.4196090827,0.5158669617
20160617,Trevor Bauer,P,545333,chw,45,0.7313432836,0,0.492810071,0.3433319979
20160617,Yordano Ventura,P,570649,det,46,0.7462686567,0,0.2784308927,0.4998643959
20160617,Zach Davies,P,605200,lad,36,0.5970149254,1,0.4186574494,0.1451865754
20160616,Aaron Nola,P,605400,tor,6,0,0,0.9605747992,0.2315924562
20160616,Bartolo Colon,P,112526,pit,53,0.9791666667,0,0.5167555822,0.5265474588
20160616,CC Sabathia,P,282332,min,48,0.875,1,0.7413915922,0.6612652977
20160616,Colby Lewis,P,407890,oak,48,0.875,1,0.597896776,0.4426355246
20160616,Dan Straily,P,573185,atl,10,0.0833333333,1,0.6677787515,0.5707398033
20160616,Danny Duffy,P,518633,det,18,0.25,0,0.7772652963,0.4435912414
20160616,J.A. Happ,P,457918,phi,48,0.875,1,0.5939557933,0.4189560482
20160616,Juan Nicasio,P,504379,nym,10,0.0833333333,1,0.597896776,0.1879737351
20160616,Junior Guerra,P,448855,lad,13,0.1458333333,1,0.674768999,0
20160616,Justin Verlander,P,434378,kan,42,0.75,1,1,0.251587738
20160616,Matt Wisler,P,605538,cin,41,0.7291666667,0,0.3587370406,1
20160616,Scott Kazmir,P,431148,mil,27,0.4375,0,0.617606814,0.5782320437
20160616,Tanner Roark,P,543699,sdg,33,0.5625,1,0.7871203153,0.5659369698
20160616,Tyler Wilson,P,592869,bos,54,1,1,0,0.2782053466
20160613,Aaron Blair,P,594760,cin,6,0.0952380952,0,0,1
20160613,Carlos Carrasco,P,471911,kan,36,0.5714285714,1,0.5444891077,0.3732831481
20160613,Chase Anderson,P,502624,sfo,18,0.2857142857,1,0.4692139771,0.3164393801
20160613,Colin Rea,P,607067,mia,2,0.0317460317,0,0.3948511811,0.3439466827
20160613,Edinson Volquez,P,450172,cle,42,0.6666666667,0,0.5552986164,0.2319548286
20160613,James Shields,P,448306,det,0,0,0,0.4240488987,0.4857232116
20160613,Jerad Eickhoff,P,595191,tor,45,0.7142857143,1,0.5745991599,0.3568100324
20160613,Jered Weaver,P,450308,min,15,0.2380952381,0,0.3588124595,0.7158920787
20160613,Kyle Hendricks,P,543294,was,19,0.3015873016,1,0.679529681,0.1725450444
20160613,Matt Cain,P,430912,mil,11,0.1746031746,0,0.275506978,0.5978228822
20160613,Max Scherzer,P,453286,chc,63,1,0,1,0
20160613,R.A. Dickey,P,285079,phi,22,0.3492063492,0,0.4626529967,0.4477038517
20160613,Ricky Nolasco,P,445060,laa,36,0.5714285714,1,0.454158951,0.5408018921
20160613,Sean Manaea,P,640455,tex,22,0.3492063492,0,0.3349743312,0.284020278
20160613,Wei-Yin Chen,P,612672,sdg,39,0.619047619,1,0.4742333228,0.6031605232
20160613,Zack Greinke,P,425844,lad,45,0.7142857143,0,0.7660689821,0.131099717
20160611,Aaron Nola,P,605400,was,8,0.0925925926,1,0.680487141,0.2960109002
20160611,Carlos Martinez,P,593372,pit,49,0.8518518519,1,0.4822619685,0.9768521447
20160611,Chris Archer,P,502042,hou,38,0.6481481481,0,0.4587244305,0.8211990651
20160611,Colby Lewis,P,407890,sea,30,0.5,1,0.4024386318,0.4671709185
20160611,Dan Straily,P,573185,oak,45,0.7777777778,0,0.4024386318,0.7846668768
20160611,Francisco Liriano,P,434538,stl,39,0.6666666667,0,0.3359206479,0.624655154
20160611,J.A. Happ,P,457918,bal,36,0.6111111111,0,0.3853664533,0.608522289
20160611,Jake Arrieta,P,453562,atl,36,0.6111111111,1,0.8926820559,0.9340545425
20160611,Jeff Samardzija,P,502188,lad,17,0.2592592593,0,0.5999994146,0.1736709754
20160611,Jose Fernandez,P,605228,ari,30,0.5,1,1,0.9511436028
20160611,Jose Quintana,P,500779,kan,45,0.7777777778,0,0.5902443022,0.6524889174
20160611,Justin Verlander,P,434378,nyy,44,0.7592592593,1,0.6170715931,0.4397281812
20160611,Masahiro Tanaka,P,547888,det,16,0.2407407407,0,0.4414620083,0.828355431
20160611,Matt Shoemaker,P,533167,cle,57,1,0,0.28270509,0.3684617634
20160611,Matt Wisler,P,605538,chc,3,0,0,0.3252757802,0
20160611,Mike Fiers,P,571666,tam,36,0.6111111111,1,0.2082027237,0.5098027887
20160611,Mike Wright,P,605541,tor,12,0.1666666667,1,0.1829266508,0.4949547062
20160611,Scott Kazmir,P,431148,sfo,15,0.2222222222,1,0.4512200476,0.5121142461
20160611,Tanner Roark,P,543699,phi,54,0.9444444444,0,0.46097516,0.7091714912
20160611,Trevor Bauer,P,545333,laa,27,0.4444444444,1,0.446341028,0.8622794762
20160611,Tyler Chatwood,P,543022,sdg,29,0.4814814815,0,0.4780473385,1
20160611,Wily Peralta,P,503449,nym,30,0.5,0,0,0.4688363249
20160607,Aaron Blair,P,594760,sdg,19,0.375,1,0,0.6196793933
20160607,Aaron Sanchez,P,592717,det,54,1,1,0.8707792396,0.5179085271
20160607,Adam Conley,P,543045,min,35,0.6607142857,1,0.6136362906,0.6790693642
20160607,Cody Anderson,P,594736,sea,8,0.1785714286,1,0.2525497331,0.3261291131
20160607,Cole Hamels,P,430935,hou,27,0.5178571429,0,0.8941567479,0.5202880008
20160607,Colin Rea,P,607067,atl,27,0.5178571429,0,0.4500001607,0.6052037911
20160607,Dallas Keuchel,P,572971,tex,34,0.6428571429,1,0.5571419847,0.2731137341
20160607,Eddie Butler,P,572750,lad,21,0.4107142857,1,0.31607047,0.1345056541
20160607,Jacob deGrom,P,594798,pit,36,0.6785714286,1,0.7607156288,0.595555669
20160607,Jerad Eickhoff,P,595191,chc,54,1,0,0.581493422,0
20160607,Joe Ross,P,605452,chw,12,0.25,1,0.7682145601,0.2245032518
20160607,John Lamb,P,543424,stl,34,0.6428571429,0,0.2196418642,0.3654403691
20160607,Jon Niese,P,477003,nym,39,0.7321428571,0,0.5873369955,0.2808734713
20160607,Juan Nicasio,P,504379,nym,45,0.8392857143,0,0.6267859381,0.2808734713
20160607,Kyle Hendricks,P,543294,phi,27,0.5178571429,1,0.7842859944,0.3920496581
20160607,Mat Latos,P,502009,was,-2,0,0,0.5400001929,0.1916720883
20160607,Matt Moore,P,519043,ari,15,0.3035714286,1,0.5230512582,0.6231424883
20160607,Michael Pineda,P,501381,laa,36,0.6785714286,0,0.5172076847,0.5055356617
20160607,Mike Leake,P,502190,cin,16,0.3214285714,1,0.5639627014,1
20160607,Rick Porcello,P,519144,sfo,27,0.5178571429,1,0.8386363709,0.3458282094
20160607,Sean Manaea,P,640455,mil,24,0.4642857143,1,0.3857144235,0.6586694485
20160607,Steven Matz,P,571927,pit,33,0.625,1,1,0.595555669
20160607,Ubaldo Jimenez,P,434622,kan,36,0.6785714286,0,0.33603762,0.3674568329
20160607,Wade Miley,P,489119,cle,42,0.7857142857,0,0.514285898,0.1920480477
20160607,Yordano Ventura,P,570649,bal,4,0.1071428571,1,0.4616873077,0.4191427022
20160607,Zach Davies,P,605200,oak,42,0.7857142857,0,0.5107148253,0.5073955069
20160607,Zack Greinke,P,425844,tam,45,0.8392857143,0,0.8330370832,0.2900960093
20160605,Aaron Nola,P,605400,mil,57,0.7567567568,0,0.6636907685,0.6543273957
20160605,Carlos Martinez,P,593372,sfo,42,0.5540540541,0,0.4636901137,0.3568724665
20160605,CC Sabathia,P,282332,bal,30,0.3918918919,1,0.4579609368,0.4791678767
20160605,Chris Young,P,432934,cle,14,0.1756756757,1,0.0306101737,0.2456291823
20160605,Corey Kluber,P,446372,kan,48,0.6351351351,0,0.5714281037,0.3651165388
20160605,Derek Holland,P,502706,sea,45,0.5945945946,0,0.0872013462,0.3855702572
20160605,Drew Smyly,P,592767,min,24,0.3108108108,1,0.3958337426,0.6736806872
20160605,Gerrit Cole,P,543037,laa,23,0.2972972973,0,0.4997020828,0.5253305956
20160605,Hector Santiago,P,502327,pit,15,0.1891891892,1,0.2410706686,0.6162809242
20160605,Hisashi Iwakuma,P,547874,tex,39,0.5135135135,1,0.3541646205,0.2971463265
20160605,Jake Arrieta,P,453562,ari,42,0.5540540541,0,0.9672618463,0.645873234
20160605,Jake Peavy,P,408241,stl,18,0.2297297297,1,0.0238071854,0.3956585254
20160605,Jon Gray,P,592351,sdg,63,0.8378378378,1,0.3720232834,0.6318307711
20160605,Jose Fernandez,P,605228,nym,75,1,0,1,0.3197746186
20160605,Jose Quintana,P,500779,det,11,0.1351351351,1,0.6904771259,0.5669050014
20160605,Justin Verlander,P,434378,chw,51,0.6756756757,0,0.6041662574,0.2390994447
20160605,Kevin Gausman,P,592332,nyy,30,0.3918918919,0,0.3147315144,0.3611753579
20160605,Marco Estrada,P,462136,bos,45,0.5945945946,1,0.5880950978,0.4285702733
20160605,Matt Harvey,P,518774,mia,27,0.3513513514,1,0.2291670759,0.3250114139
20160605,Matt Wisler,P,605538,lad,3,0.027027027,1,0.3982138063,0.1347632906
20160605,Patrick Corbin,P,571578,chc,42,0.5540540541,1,0.1755943612,0
20160605,Scott Kazmir,P,431148,atl,33,0.4324324324,0,0.4553582536,0.5631052987
20160605,Sonny Gray,P,543243,hou,27,0.3513513514,1,0.1646827346,0.5500393001
20160605,Tanner Roark,P,543699,cin,3,0.027027027,1,0.5565486129,1
20160605,Tyler Duffey,P,608648,tam,29,0.3783783784,0,0.325253557,0.301083016
20160605,Wily Peralta,P,503449,phi,1,0,1,0,0.4161241539
20160530,Alex Wood,P,622072,chc,30,0.4626865672,1,0.4366390302,0
20160530,Andrew Cashner,P,488768,sea,19,0.2985074627,1,0.0848358257,0.1983959341
20160530,Carlos Martinez,P,593372,mil,60,0.9104477612,1,0.4176565817,0.6549410952
20160530,Chad Bettis,P,518452,cin,-1,0,0,0.3165635105,1
20160530,Collin McHugh,P,543521,ari,54,0.8208955224,1,0.3037490763,0.6254129859
20160530,Dan Straily,P,573185,col,27,0.4179104478,1,0.5226623268,0.6892830853
20160530,Derek Holland,P,502706,cle,33,0.5074626866,1,0,0.1917079315
20160530,Ervin Santana,P,429722,oak,27,0.4179104478,1,0.1862834297,0.5036456441
20160530,Ian Kennedy,P,453178,tam,36,0.552238806,0,0.6502129332,0.2062964784
20160530,Jason Hammel,P,434628,lad,15,0.2388059701,0,0.7878484992,0.1369449093
20160530,Jeff Locke,P,502046,mia,42,0.6417910448,1,0.137635566,0.2598607322
20160530,Jeff Samardzija,P,502188,atl,15,0.2388059701,1,1,0.5671358825
20160530,Jeremy Hellickson,P,476451,was,42,0.6417910448,0,0.5344088915,0.1291241685
20160530,Jhoulys Chacin,P,468504,det,66,1,0,0.1542473442,0.6261026721
20160530,Jose Quintana,P,500779,nym,39,0.5970149254,1,0.8462267899,0.3017973
20160530,Josh Tomlin,P,458708,tex,2,0.0447761194,0,0.7308968822,0.2990191813
20160530,Justin Nicolino,P,592593,pit,18,0.2835820896,0,0.0047456121,0.6486311938
20160530,Justin Verlander,P,434378,laa,31,0.4776119403,1,0.7565257506,0.4991988629
20160530,Kendall Graveman,P,608665,min,39,0.5970149254,0,0.0332235563,0.6139885042
20160530,Marco Estrada,P,462136,nyy,54,0.8208955224,0,0.6264848726,0.3352189964
20160530,Matt Harvey,P,518774,chw,51,0.776119403,0,0.1328899539,0.1791539074
20160530,Nathan Karns,P,501992,sdg,44,0.671641791,0,0.5885157041,0.5585978493
20160530,Steven Wright,P,453214,bal,54,0.8208955224,1,0.8115808313,0.4078516327
20160530,Tanner Roark,P,543699,phi,39,0.5970149254,1,0.6540102772,0.2916755057
20160530,Tyler Wilson,P,592869,bos,23,0.3582089552,0,0.1257694,0.379682302
20160525,Aaron Nola,P,605400,det,36,0.5846153846,1,0.6962014861,0.6463106407
20160525,Anibal Sanchez,P,434671,phi,24,0.4,0,0.2468336224,0.2516901465
20160525,Carlos Martinez,P,593372,chc,18,0.3076923077,0,0.4398722911,0
20160525,Chad Bettis,P,518452,bos,-1,0.0153846154,1,0.420883994,0.3318366441
20160525,Colby Lewis,P,407890,laa,12,0.2153846154,0,0.506327059,0.4757906463
20160525,Collin McHugh,P,543521,bal,37,0.6,0,0.2911386997,0.3656806363
20160525,Corey Kluber,P,446372,chw,58,0.9230769231,1,0.5569606193,0.1406458886
20160525,Dan Straily,P,573185,lad,45,0.7230769231,1,0.4154612074,0.180728794
20160525,Hector Santiago,P,502327,tex,-2,0,1,0.3702532817,0.290535301
20160525,Hisashi Iwakuma,P,547874,oak,36,0.5846153846,0,0.3481007431,0.5034040214
20160525,Jake Arrieta,P,453562,stl,27,0.4461538462,1,1,0.3982872211
20160525,Jake Peavy,P,408241,sdg,29,0.4769230769,0,0,0.5635545092
20160525,James Shields,P,448306,sfo,30,0.4923076923,1,0.5031628175,0.4032707919
20160525,Jeff Locke,P,502046,ari,22,0.3692307692,0,0.2155842454,0.6139847617
20160525,Jose Quintana,P,500779,cle,33,0.5384615385,0,0.7056942107,0.2006922551
20160525,Marco Estrada,P,462136,nyy,30,0.4923076923,1,0.5537963778,0.3505929923
20160525,Rubby De La Rosa,P,523989,pit,10,0.1846153846,1,0.5090413003,0.7085824613
20160525,Scott Kazmir,P,431148,cin,63,1,0,0.3607577091,1
20160525,Steven Matz,P,571927,was,57,0.9076923077,1,0.7531635295,0.1527751653
20160525,Steven Wright,P,453214,col,48,0.7692307692,0,0.6285590597,0.6906913612
20160525,Tanner Roark,P,543699,nym,33,0.5384615385,0,0.5632891023,0.2669659776
20160709,Aaron Sanchez,P,592717,det,21,0.3389830508,0,0.7056916067,0.3941529914
20160709,Adam Conley,P,543045,cin,44,0.7288135593,0,0.3825102391,1
20160709,Carlos Martinez,P,593372,mil,57,0.9491525424,1,0.5570966428,0.5091970541
20160709,CC Sabathia,P,282332,cle,8,0.1186440678,1,0.4377204374,0.0613709728
20160709,Chase Anderson,P,502624,stl,21,0.3389830508,0,0.072038359,0.1361540636
20160709,Danny Salazar,P,517593,nyy,14,0.2203389831,0,0.9076833232,0.2918545474
20160709,Edinson Volquez,P,450172,sea,30,0.4915254237,0,0.2870853472,0.201358678
20160709,Jake Peavy,P,408241,ari,16,0.2542372881,0,0.1429471565,0.4891987845
20160709,Jerad Eickhoff,P,595191,col,1,0,1,0.5045528243,0.621288581
20160709,John Lamb,P,543424,mia,36,0.593220339,1,0,0.257357772
20160709,Jon Lester,P,452657,pit,3,0.0338983051,1,0.7486341527,0.4456050276
20160709,Jose Quintana,P,500779,atl,33,0.5423728814,0,0.6198141987,0.4812709701
20160709,Julio Teheran,P,527054,chw,9,0.1355932203,1,0.6062517769,0.2620979093
20160709,Kendall Graveman,P,608665,hou,39,0.6440677966,1,0.1200639316,0.2928720568
20160709,Lance McCullers,P,621121,oak,21,0.3389830508,0,0.7395938189,0.3902890612
20160709,Luis Perdomo,P,606131,lad,21,0.3389830508,1,0.1312711793,0
20160709,Matt Moore,P,519043,bos,24,0.3898305085,1,0.3915505728,0.3638527829
20160709,Max Scherzer,P,453286,nym,60,1,1,1,0.183772401
20160709,Nick Tropeano,P,607374,bal,39,0.6440677966,1,0.4147680557,0.3744319439
20160709,Rick Porcello,P,519144,tam,45,0.7457627119,0,0.5881711094,0.3262205431
20160709,Ricky Nolasco,P,445060,tex,27,0.4406779661,1,0.2130068619,0.2563904646
20160709,Robbie Ray,P,592662,sfo,27,0.4406779661,1,0.4209306972,0.2172103893
20160709,Wade Miley,P,489119,kan,16,0.2542372881,1,0.2042700497,0.2255056525
20160709,Yovani Gallardo,P,451596,laa,15,0.2372881356,0,0.0336179009,0.4374893379
20160708,Andrew Cashner,P,488768,lad,-10,0.0147058824,1,0.1575875486,0
20160708,Chris Archer,P,502042,bos,12,0.3382352941,1,0.5155642023,0.3533126953
20160708,Chris Sale,P,519242,atl,6,0.25,0,0.9046692607,0.4663619979
20160708,Cole Hamels,P,430935,min,10,0.3088235294,0,0.6776155642,0.5231709918
20160708,Collin McHugh,P,543521,oak,18,0.4264705882,0,0.3773167315,0.3700660983
20160708,Corey Kluber,P,446372,nyy,57,1,0,0.651981323,0.2638636071
20160708,Dan Straily,P,573185,mia,15,0.3823529412,1,0.313229572,0.2734010858
20160708,Francisco Liriano,P,434538,chc,21,0.4705882353,0,0.3249027237,0.0426486825
20160708,Hisashi Iwakuma,P,547874,kan,47,0.8529411765,1,0.4029540856,0.2355671717
20160708,J.A. Happ,P,457918,det,56,0.9852941176,0,0.5402832685,0.3974798359
20160708,Jake Arrieta,P,453562,pit,18,0.4264705882,1,0.8405821012,0.4326875362
20160708,Jeff Samardzija,P,502188,ari,43,0.7941176471,0,0.4816902724,0.4770829188
20160708,Jimmy Nelson,P,519076,stl,18,0.4264705882,0,0.3553431907,0.1241050709
20160708,Jon Gray,P,592351,phi,37,0.7058823529,0,0.4666490272,0.4421115031
20160708,Jose Fernandez,P,605228,cin,57,1,0,1,1
20160708,Kyle Gibson,P,502043,tex,21,0.4705882353,1,0.2025494163,0.2538103569
20160708,Matt Shoemaker,P,533167,bal,30,0.6029411765,1,0.3910505837,0.3677170776
20160708,Matt Wisler,P,605538,chw,27,0.5588235294,1,0.3307392996,0.2344518158
20160708,Michael Wacha,P,608379,mil,35,0.6764705882,1,0.3590070039,0.5106359514
20160708,Mike Pelfrey,P,460059,tor,21,0.4705882353,1,0,0.1888667909
20160708,Noah Syndergaard,P,592789,was,20,0.4558823529,0,0.8463035019,0.0899555214
20160708,Patrick Corbin,P,571578,sfo,8,0.2794117647,1,0.2509727626,0.2233436861
20160708,Scott Kazmir,P,431148,sdg,15,0.3823529412,0,0.4798568093,0.4961039866
20160708,Stephen Strasburg,P,544931,nym,57,1,1,0.9773011673,0.1869892303
20160708,Ubaldo Jimenez,P,434622,laa,-11,0,0,0.140077821,0.4309555445
20160708,Vince Velasquez,P,592826,col,42,0.7794117647,1,0.5755984436,0.6188905072
20160708,Yordano Ventura,P,570649,sea,27,0.5588235294,0,0.2295719844,0.2054559029
20160624,Aaron Blair,P,594760,nym,-5,0.3333333333,0,0.0223074864,0.2608739529
20160624,Aaron Sanchez,P,592717,chw,24,0.72,1,0.7838447744,0.357276969
20160624,Archie Bradley,P,605151,col,27,0.76,1,0.633760006,0.6623920263
20160624,Carlos Martinez,P,593372,sea,30,0.8,1,0.6872145002,0.3153395524
20160624,Carlos Rodon,P,607074,tor,35,0.8666666667,0,0.5233681714,0.3118288334
20160624,Colin Rea,P,607067,cin,45,1,1,0.3506650509,1
20160624,Dallas Keuchel,P,572971,kan,25,0.7333333333,1,0.5010779553,0.3087331549
20160624,Danny Salazar,P,517593,det,29,0.7866666667,1,0.9617692859,0.5292406061
20160624,David Price,P,456034,tex,-8,0.2933333333,1,0.8234571135,0.2431811485
20160624,Edinson Volquez,P,450172,hou,-30,0,0,0.5701592035,0.4192568357
20160624,Eric Surkamp,P,474668,laa,11,0.5466666667,1,0,0.4991377136
20160624,Jake Peavy,P,408241,phi,39,0.92,0,0.3212479527,0.5949930833
20160624,Jered Weaver,P,450308,oak,14,0.5866666667,0,0.3726472798,0.4855830775
20160624,Jordan Zimmermann,P,519455,cle,-1,0.3866666667,0,0.6717143951,0.1534444418
20160624,Kyle Hendricks,P,543294,mia,30,0.8,1,0.6894279785,0.2861384351
20160624,Masahiro Tanaka,P,547888,min,42,0.96,0,0.6131996995,0.7581773932
20160624,Matt Moore,P,519043,bal,23,0.7066666667,1,0.4960062403,0.3992087934
20160624,Max Scherzer,P,453286,mil,33,0.84,1,1,0.6366752677
20160624,Steven Matz,P,571927,atl,-5,0.3333333333,1,0.7831597187,0.5488027495
20160624,Tom Koehler,P,543408,chc,24,0.72,0,0.5289033064,0
20160624,Zach Davies,P,605200,was,33,0.84,0,0.5552894648,0.157151804
20160618,Aaron Blair,P,594760,nym,21,0.53125,1,0,0.2969133879
20160618,Carlos Martinez,P,593372,tex,33,0.71875,0,0.6928730049,0.2686457767
20160618,Chase Anderson,P,502624,lad,-5,0.125,1,0.4405162019,0.1645054418
20160618,Colin Rea,P,607067,was,31,0.6875,0,0.3365375022,0.1826695869
20160618,Dallas Keuchel,P,572971,cin,33,0.71875,0,0.495024131,1
20160618,Danny Salazar,P,517593,chw,47,0.9375,0,0.9541866571,0.3445540908
20160618,Edinson Volquez,P,450172,det,34,0.734375,0,0.5662912316,0.5340227918
20160618,James Shields,P,448306,cle,-13,0,1,0.3615722093,0.2398903825
20160618,Jerad Eickhoff,P,595191,ari,26,0.609375,0,0.5918219577,0.5350826218
20160618,Jon Lester,P,452657,pit,42,0.859375,0,0.9360962163,0.5989474655
20160618,Jon Niese,P,477003,chc,19,0.5,1,0.4799867728,0
20160618,Matt Moore,P,519043,sfo,27,0.625,0,0.5019142343,0.2880061496
20160618,Max Scherzer,P,453286,sdg,45,0.90625,1,1,0.6489889554
20160618,Michael Pineda,P,501381,min,34,0.734375,1,0.4843711249,0.7187101549
20160618,R.A. Dickey,P,285079,bal,18,0.484375,1,0.4441166158,0.4152160227
20160618,Rick Porcello,P,519144,sea,42,0.859375,0,0.6992699398,0.3022916487
20160618,Ricky Nolasco,P,445060,nyy,30,0.671875,0,0.4668280154,0.3358592606
20160618,Steven Matz,P,571927,atl,33,0.71875,0,0.7967519306,0.6089522513
20160618,Tyler Chatwood,P,543022,mia,2,0.234375,1,0.6422562594,0.3214988725
20160618,Wei-Yin Chen,P,612672,col,-8,0.078125,0,0.4909505036,0.6408005465
20160618,Zack Greinke,P,425844,phi,51,1,1,0.7576918582,0.5491614476
20160703,Adam Conley,P,543045,atl,36,0.6493506494,1,0.4033468858,0.4758574554
20160703,Andrew Cashner,P,488768,nyy,33,0.6103896104,0,0.1428874774,0.3147316047
20160703,Chase Anderson,P,502624,stl,10,0.3116883117,1,0.1873606505,0.1476571533
20160703,Chris Archer,P,502042,det,47,0.7922077922,0,0.5094273634,0.4490028007
20160703,Cole Hamels,P,430935,min,6,0.2597402597,1,0.7605031258,0.6346044326
20160703,Collin McHugh,P,543521,chw,38,0.6753246753,0,0.377975131,0.2788539019
20160703,Corey Kluber,P,446372,tor,7,0.2727272727,1,0.7312280242,0.2751118509
20160703,Francisco Liriano,P,434538,oak,24,0.4935064935,1,0.349739881,0.4297496604
20160703,Hisashi Iwakuma,P,547874,bal,21,0.4545454545,0,0.4384770077,0.3919059276
20160703,J.A. Happ,P,457918,cle,63,1,0,0.5028822313,0.0490526631
20160703,John Lamb,P,543424,was,4,0.2337662338,1,0.1485645051,0.1109296523
20160703,Jon Gray,P,592351,lad,21,0.4545454545,1,0.5108388136,0.0356010531
20160703,Jon Lester,P,452657,nym,-14,0,1,0.8171016556,0.2320129964
20160703,Jose Quintana,P,500779,hou,42,0.7272727273,1,0.5965625566,0.3366424415
20160703,Kyle Gibson,P,502043,tex,44,0.7532467532,0,0.1379192975,0.2131420651
20160703,Matt Shoemaker,P,533167,bos,8,0.2857142857,1,0.453831213,0.3831282343
20160703,Matt Wisler,P,605538,mia,27,0.5324675325,0,0.349739881,0.3274541296
20160703,Michael Wacha,P,608379,mil,39,0.6883116883,0,0.3565067231,0.5715479426
20160703,Mike Pelfrey,P,460059,tam,25,0.5064935065,1,0,0.340820252
20160703,Noah Syndergaard,P,592789,chc,54,0.8831168831,0,0.8452057532,0
20160703,Robbie Ray,P,592662,sfo,30,0.5714285714,0,0.4482353749,0.2744629301
20160703,Stephen Strasburg,P,544931,cin,47,0.7922077922,0,1,1
20160703,Ubaldo Jimenez,P,434622,sea,4,0.2337662338,1,0.1936060055,0.2530106691
20160703,Vince Velasquez,P,592826,kan,45,0.7662337662,0,0.5708910248,0.2693174668
20160703,Yordano Ventura,P,570649,phi,-1,0.1688311688,1,0.2997770408,0.50597085
20160701,Bud Norris,P,502032,col,54,0.875,0,0.3245935459,0.6989158366
20160701,Colin Rea,P,607067,nyy,42,0.7083333333,0,0.310763307,0.3144603111
20160701,Drew Smyly,P,592767,det,32,0.5694444444,0,0.4971289407,0.4807712809
20160701,Ervin Santana,P,429722,tex,28,0.5138888889,0,0.2229856037,0.2188738365
20160701,Ian Kennedy,P,453178,phi,30,0.5416666667,1,0.6013956848,0.5207381919
20160701,Jacob deGrom,P,594798,chc,45,0.75,0,0.6743451676,0
20160701,Jaime Garcia,P,448802,mil,51,0.8333333333,0,0.4847174744,0.5759800792
20160701,Jason Hammel,P,434628,nym,-9,0,1,0.613810875,0.2590178241
20160701,Jeff Locke,P,502046,oak,27,0.5,1,0.2588049542,0.4384696687
20160701,Jeremy Hellickson,P,476451,kan,45,0.75,0,0.4926305755,0.2930531452
20160701,Jhoulys Chacin,P,468504,bos,11,0.2777777778,1,0.1697909452,0.3348607775
20160701,Johnny Cueto,P,456501,ari,48,0.7916666667,1,1,0.4773323147
20160701,Jorge De La Rosa,P,407822,lad,27,0.5,1,0.1851591185,0.0845057221
20160701,Josh Tomlin,P,458708,tor,39,0.6666666667,1,0.6033469625,0.2961659079
20160701,Julio Teheran,P,527054,mia,23,0.4444444444,0,0.7323509917,0.3116817684
20160701,Justin Nicolino,P,592593,atl,6,0.2083333333,1,0.0750981225,0.4898484409
20160701,Kevin Gausman,P,592332,sea,30,0.5416666667,1,0.4136783073,0.2729320884
20160701,Marcus Stroman,P,573186,cle,35,0.6111111111,0,0.3716066761,0.0547250089
20160701,Martin Perez,P,527048,min,27,0.5,1,0.3599697626,0.6534959301
20160701,Michael Fulmer,P,605242,tam,63,1,1,0.7873628706,0.3545950459
20160701,Miguel Gonzalez,P,456068,hou,27,0.5,1,0.1942601157,0.3580469079
20160701,Mike Fiers,P,571666,chw,42,0.7083333333,0,0.3426801022,0.3162863076
20160701,Nathan Eovaldi,P,543135,sdg,1,0.1388888889,1,0.4226526949,0.5602293194
20160701,Shelby Miller,P,571946,sfo,18,0.375,0,0,0.2806267685
20160701,Sonny Gray,P,543243,pit,9,0.25,0,0.2948030476,0.5422796374
20160701,Steven Wright,P,453214,laa,24,0.4583333333,0,0.8645463279,0.5089674833
20160701,Tanner Roark,P,543699,cin,27,0.5,0,0.7067497822,1
20160614,Brandon Finnegan,P,605232,atl,42,0.8153846154,1,0.3970544468,0.6284356186
20160614,Chris Tillman,P,501957,bos,51,0.9538461538,1,0.7597293721,0.3744515401
20160614,Chris Young,P,432934,cle,19,0.4615384615,0,0.211183437,0.2193994183
20160614,David Price,P,456034,bal,48,0.9076923077,0,0.7665304294,0.3977799907
20160614,Doug Fister,P,450729,stl,46,0.8769230769,1,0.5181356616,0.3399869703
20160614,Drew Pomeranz,P,519141,mia,18,0.4461538462,0,0.815263482,0.3293568929
20160614,Eric Surkamp,P,474668,tex,-11,0,0,0,0.2966079037
20160614,Ervin Santana,P,429722,laa,3,0.2153846154,1,0.3263741348,0.5440427598
20160614,Gio Gonzalez,P,461829,chc,37,0.7384615385,0,0.5868917577,0
20160614,Jacob deGrom,P,594798,pit,39,0.7692307692,0,0.6531932261,0.5817344088
20160614,Jaime Garcia,P,448802,hou,16,0.4153846154,0,0.5377785767,0.4948375555
20160614,Jake Odorizzi,P,543606,sea,29,0.6153846154,0,0.5081226666,0.2858471035
20160614,Jhoulys Chacin,P,468504,min,21,0.4923076923,0,0.3906659319,0.6926899185
20160614,John Lackey,P,407793,was,33,0.6769230769,1,0.9331327591,0.1435568637
20160614,Jordan Zimmermann,P,519455,chw,30,0.6307692308,1,0.6692676487,0.3144135204
20160614,Jorge De La Rosa,P,407822,nyy,30,0.6307692308,0,0.0736682982,0.2866498363
20160614,Josh Tomlin,P,458708,kan,33,0.6769230769,1,0.6317616447,0.3491024471
20160614,Julio Teheran,P,527054,cin,36,0.7230769231,0,0.6395940582,1
20160614,Kenta Maeda,P,628317,ari,40,0.7846153846,1,0.6679268857,0.5411161298
20160614,Madison Bumgarner,P,518516,mil,54,1,0,1,0.6160378566
20160614,Marcus Stroman,P,573186,phi,45,0.8615384615,0,0.4673222163,0.4132048411
20160614,Martin Perez,P,527048,oak,27,0.5846153846,1,0.4514540649,0.453511225
20160614,Miguel Gonzalez,P,456068,det,-2,0.1384615385,0,0.4385031781,0.5013540991
20160614,Nathan Eovaldi,P,543135,col,0,0.1692307692,1,0.6114468748,0.6487536773
20160614,Taijuan Walker,P,592836,tam,13,0.3692307692,1,0.5377785767,0.2856514648
20160614,Tom Koehler,P,543408,sdg,48,0.9076923077,1,0.4248215017,0.6317887089
20160531,Aaron Nola,P,605400,was,30,0.7,0,0.7115987461,0.1610424394
20160531,Anibal Sanchez,P,434671,laa,-9,0.1428571429,1,0.2288401254,0.4785927783
20160531,CC Sabathia,P,282332,tor,24,0.6142857143,1,0.5239592476,0.3314642123
20160531,Colby Lewis,P,407890,cle,36,0.7857142857,1,0.4482758621,0.2196722815
20160531,Corey Kluber,P,446372,tex,21,0.5714285714,0,0.6426332288,0.3066890839
20160531,Drew Smyly,P,592767,kan,-3,0.2285714286,1,0.5329153605,0.3249145104
20160531,Gerrit Cole,P,543037,mia,22,0.5857142857,1,0.5677460815,0.3150448979
20160531,Hector Santiago,P,502327,det,29,0.6857142857,0,0.2695924765,0.6101952962
20160531,Hisashi Iwakuma,P,547874,sdg,36,0.7857142857,0,0.3667711599,0.5787981847
20160531,J.A. Happ,P,457918,nyy,24,0.6142857143,0,0.5109717868,0.3450801702
20160531,Jake Arrieta,P,453562,lad,45,0.9142857143,0,0.9843260188,0.1516082634
20160531,Jake Peavy,P,408241,atl,42,0.8714285714,1,0,0.5621322999
20160531,James Shields,P,448306,sea,-19,0,1,0.5015673981,0.2111322619
20160531,Joe Ross,P,605452,phi,45,0.9142857143,1,0.4876363636,0.3138923718
20160531,Jon Gray,P,592351,cin,33,0.7428571429,0,0.3896112853,1
20160531,Jose Fernandez,P,605228,pit,51,1,0,1,0.6116421597
20160531,Kevin Gausman,P,592332,bos,27,0.6571428571,0,0.3537836991,0.3755746799
20160531,Mat Latos,P,502009,nym,24,0.6142857143,1,0.3134796238,0.2848092633
20160531,Matt Wisler,P,605538,sfo,18,0.5285714286,0,0.4737021944,0.3943592655
20160531,Mike Leake,P,502190,mil,36,0.7857142857,1,0.3009404389,0.6562147751
20160531,Patrick Corbin,P,571578,hou,-2,0.2428571429,0,0.2978056426,0.5515173303
20160531,Scott Kazmir,P,431148,chc,39,0.8285714286,1,0.4639498433,0
20160531,Steven Matz,P,571927,chw,17,0.5142857143,0,0.8463949843,0.1953445814
20160531,Tyler Duffey,P,608648,oak,17,0.5142857143,1,0.4179717868,0.4944123067
20160531,Wily Peralta,P,503449,stl,12,0.4428571429,0,0.0689655172,0.3971142155
20160528,Adam Wainwright,P,425794,was,36,0.7,1,0.2997777648,0.1094835401
20160528,Alfredo Simon,P,430580,mil,9,0.3142857143,1,0,0.6656977479
20160528,Carlos Rodon,P,607074,kan,21,0.4857142857,1,0.4848245834,0.3110469625
20160528,Cesar Vargas,P,570714,ari,-13,0,1,0.3575136299,0.6530771489
20160528,Chase Anderson,P,502624,cin,21,0.4857142857,0,0.3219826369,1
20160528,Dallas Keuchel,P,572971,laa,42,0.7857142857,1,0.3850478845,0.4822247019
20160528,Danny Salazar,P,517593,bal,39,0.7428571429,0,0.822353029,0.3681510106
20160528,Gio Gonzalez,P,461829,stl,14,0.3857142857,0,0.5736494012,0.3724135471
20160528,Jerad Eickhoff,P,595191,chc,27,0.5714285714,1,0.452256727,0
20160528,Jered Weaver,P,450308,hou,15,0.4,0,0.3427086054,0.5764165181
20160528,Juan Nicasio,P,504379,tex,14,0.3857142857,1,0.5595851609,0.3070959372
20160528,Kenta Maeda,P,628317,nym,36,0.7,1,0.5529234328,0.2232980484
20160528,Kyle Hendricks,P,543294,phi,57,1,0,0.4896370158,0.2542488223
20160528,Madison Bumgarner,P,518516,col,33,0.6571428571,1,0.9286448979,0.6172901565
20160528,Marcus Stroman,P,573186,bos,10,0.3285714286,0,0.5689115802,0.3519780564
20160528,Matt Moore,P,519043,nyy,44,0.8142857143,0,0.3752764617,0.296973049
20160528,Michael Pineda,P,501381,tam,2,0.2142857143,1,0.4256098146,0.2047746
20160528,Noah Syndergaard,P,592789,lad,16,0.4142857143,0,1,0.1569669903
20160528,Phil Hughes,P,461833,sea,11,0.3428571429,1,0.168024771,0.1513274116
20160528,Rick Porcello,P,519144,tor,23,0.5142857143,1,0.7660987321,0.2612175615
20160528,Ubaldo Jimenez,P,434622,cle,-1,0.1714285714,1,0.3367876614,0.1819511268
20160528,Wade Miley,P,489119,min,15,0.4,0,0.5173951044,0.6313124226
20160528,Wei-Yin Chen,P,612672,atl,27,0.5714285714,1,0.4700222235,0.5685866685
20160528,Yordano Ventura,P,570649,chw,15,0.4,0,0.3723159897,0.1452757078
20160528,Zack Greinke,P,425844,sdg,24,0.5285714286,0,0.6035525664,0.5215021681
20160526,CC Sabathia,P,282332,tor,42,0.619047619,0,0.5000016981,0.2858902836
20160526,Clay Buchholz,P,453329,col,3,0,0,0.1283023994,0.9751563706
20160526,Drew Smyly,P,592767,mia,15,0.1904761905,0,0.6301889996,0.2733423532
20160526,Gerrit Cole,P,543037,ari,30,0.4285714286,0,0.6174531746,0.8316490832
20160526,J.A. Happ,P,457918,nyy,45,0.6666666667,1,0.4905669989,0.4148233051
20160526,Joe Ross,P,605452,stl,42,0.619047619,0,0.4688685493,0.4713983552
20160526,Jon Gray,P,592351,bos,46,0.6825396825,1,0.307548099,0.3034249894
20160526,Jose Fernandez,P,605228,tam,66,1,1,1,0.1237895778
20160526,Kevin Gausman,P,592332,hou,24,0.3333333333,1,0.3867921004,0.8528383041
20160526,Matt Wisler,P,605538,mil,30,0.4285714286,0,0.5028307494,1
20160526,Mike Leake,P,502190,was,30,0.4285714286,1,0.2943401994,0
20160526,Patrick Corbin,P,571578,pit,20,0.2698412698,1,0.3283023994,0.9495619609
20160526,Wily Peralta,P,503449,atl,34,0.4920634921,1,0,0.8106614307
20160521,Alex Wood,P,622072,sdg,51,0.8870967742,1,0.4090136598,0.5102518018
20160521,Drew Smyly,P,592767,det,25,0.4677419355,1,0.7244725846,0.6279450254
20160521,Felix Hernandez,P,433587,cin,45,0.7903225806,1,0.6565890185,1
20160521,J.A. Happ,P,457918,min,28,0.5161290323,1,0.5647465467,0.6362365245
20160521,Jacob deGrom,P,594798,mil,24,0.4516129032,0,0.540787641,0.7584984353
20160521,Joe Ross,P,605452,mia,29,0.5322580645,1,0.5385067532,0.1981401981
20160521,Jon Lester,P,452657,sfo,-4,0,1,0.8682260187,0.4487643686
20160521,Jon Niese,P,477003,col,30,0.5483870968,0,0.4050205088,0.661024652
20160521,Jose Fernandez,P,605228,was,54,0.935483871,0,1,0.0938843305
20160521,Masahiro Tanaka,P,547888,oak,42,0.7419354839,1,0.540787641,0.5088792588
20160521,Matt Cain,P,430912,chc,42,0.7419354839,0,0.1534519991,0
20160521,Matt Shoemaker,P,533167,bal,58,1,0,0,0.3022380981
20160521,Mike Fiers,P,571666,tex,33,0.5967741935,0,0.4107259229,0.3312826451
20160521,Mike Leake,P,502190,ari,42,0.7419354839,0,0.3011985842,0.5299964576
20160521,Robbie Ray,P,592662,stl,27,0.5,1,0.4928698297,0.3276290662
20160521,Tyler Chatwood,P,543022,pit,21,0.4032258065,1,0.6046780562,0.724564022
20160521,Zach Davies,P,605200,nym,19,0.3709677419,1,0.1361472802,0.2146080366
20160519,Chris Sale,P,519242,hou,63,1,0,1,0.6143859466
20160519,Collin McHugh,P,543521,chw,39,0.6417910448,1,0.133028716,0
20160519,Ervin Santana,P,429722,tor,33,0.552238806,0,0.1865465323,0.2716300879
20160519,James Shields,P,448306,sfo,35,0.5820895522,0,0.4180053881,0.4140873343
20160519,Jason Hammel,P,434628,mil,27,0.4626865672,1,0.6146794293,0.7854108348
20160519,Jeff Locke,P,502046,atl,45,0.7313432836,0,0,0.5985560298
20160519,Jeff Samardzija,P,502188,sdg,57,0.9104477612,1,0.6628445007,0.4513934127
20160519,Jhoulys Chacin,P,468504,lad,7,0.1641791045,0,0.20795109,0.0534063207
20160519,Josh Tomlin,P,458708,cin,50,0.8059701493,1,0.4113168652,1
20160519,Kendall Graveman,P,608665,nyy,26,0.447761194,0,0.0137623664,0.3959273286
20160519,Marco Estrada,P,462136,min,48,0.776119403,1,0.422019144,0.6233821834
20160519,Matt Harvey,P,518774,was,-4,0,0,0.281537686,0.0407047588
20160519,Michael Wacha,P,608379,col,6,0.1492537313,0,0.3377302692,0.6153432385
20160519,Nathan Karns,P,501992,bal,39,0.6417910448,1,0.4954130797,0.225243745
20160519,Ross Stripling,P,548389,laa,8,0.1791044776,1,0.1376172418,0.429869916
20160519,Stephen Strasburg,P,544931,nym,57,0.9104477612,1,0.9116973692,0.095243765
20160622,Adam Conley,P,543045,atl,48,0.7391304348,0,0.3974259673,0.5664439649
20160622,Adam Morgan,P,605388,min,12,0.2173913043,1,0.1581135769,0.7291947424
20160622,CC Sabathia,P,282332,col,7,0.1449275362,0,0.6108899536,0.6318977262
20160622,Chris Archer,P,502042,cle,21,0.347826087,1,0.5513935922,0.1920234785
20160622,Cole Hamels,P,430935,cin,51,0.7826086957,0,0.721227514,1
20160622,Dan Straily,P,573185,tex,15,0.2608695652,1,0.4728366597,0.2587471966
20160622,Danny Duffy,P,518633,nym,29,0.4637681159,1,0.5239450489,0.2732789395
20160622,Francisco Liriano,P,434538,sfo,21,0.347826087,0,0.4322327497,0.2753401796
20160622,Hisashi Iwakuma,P,547874,det,14,0.2463768116,1,0.4810565122,0.5594570063
20160622,J.A. Happ,P,457918,ari,45,0.6956521739,0,0.5218015227,0.4614045757
20160622,Jake Arrieta,P,453562,stl,30,0.4782608696,0,1,0.2943035888
20160622,Jeff Samardzija,P,502188,pit,-3,0,1,0.6697648726,0.6433968458
20160622,Joe Ross,P,605452,lad,28,0.4492753623,1,0.5453893172,0.1374331145
20160622,Jon Gray,P,592351,nyy,9,0.1739130435,1,0.5617659774,0.3689863305
20160622,Jose Quintana,P,500779,bos,1,0.0579710145,1,0.6933526671,0.3407430325
20160622,Junior Guerra,P,448855,oak,51,0.7826086957,1,0.4686666907,0.4799631828
20160622,Kyle Gibson,P,502043,phi,21,0.347826087,0,0,0.6078043785
20160622,Lance McCullers,P,621121,laa,32,0.5072463768,0,0.6568977112,0.50596008
20160622,Matt Shoemaker,P,533167,hou,34,0.5362318841,1,0.4576338353,0.4382473189
20160622,Michael Fulmer,P,605242,sea,19,0.3188405797,0,0.7405282561,0.3119449908
20160622,Michael Wacha,P,608379,chc,41,0.6376811594,1,0.3438167976,0
20160622,Noah Syndergaard,P,592789,kan,33,0.5217391304,0,0.9564509931,0.3246904975
20160622,Robbie Ray,P,592662,tor,28,0.4492753623,1,0.4853465668,0.336033724
20160622,Trevor Bauer,P,545333,tam,66,1,0,0.5573978673,0.3679687142
20160622,Ubaldo Jimenez,P,434622,sdg,45,0.6956521739,0,0.136636285,0.619529238
20160610,Andrew Cashner,P,488768,col,4,0.1216216216,1,0.1877556118,0.6846293716
20160610,Bud Norris,P,502032,chc,48,0.7162162162,0,0,0
20160610,CC Sabathia,P,282332,det,45,0.6756756757,0,0.4312915407,0.5169605375
20160610,Chris Sale,P,519242,kan,39,0.5945945946,0,0.7326526814,0.3754541398
20160610,Clayton Kershaw,P,477132,sfo,69,1,1,1,0.3266926023
20160610,Corey Kluber,P,446372,laa,57,0.8378378378,1,0.5469395152,0.5324708352
20160610,Derek Holland,P,502706,sea,9,0.1891891892,1,0.2133596517,0.2865745225
20160610,Gerrit Cole,P,543037,stl,15,0.2702702703,0,0.4448980491,0.3942832685
20160610,Hector Santiago,P,502327,cle,-5,0,0,0.253062444,0.2538730677
20160610,Hisashi Iwakuma,P,547874,tex,33,0.5135135135,0,0.379591217,0.27251295
20160610,Ian Kennedy,P,453178,chw,-1,0.0540540541,1,0.4716139239,0.281464518
20160610,Jason Hammel,P,434628,atl,20,0.3378378378,1,0.5428570729,0.5958311433
20160610,Jeremy Hellickson,P,476451,was,3,0.1081081081,1,0.4244907355,0.1833415605
20160610,Johnny Cueto,P,456501,lad,42,0.6351351351,0,0.7367351237,0.1245203654
20160610,Jon Gray,P,592351,sdg,39,0.5945945946,0,0.4639461813,0.6007114659
20160610,Junior Guerra,P,448855,nym,23,0.3783783784,0,0.4623910818,0.310072619
20160610,Justin Nicolino,P,592593,ari,20,0.3378378378,1,0.114286344,0.5845417921
20160610,Kevin Gausman,P,592332,tor,25,0.4054054054,1,0.3360557779,0.3087698986
20160610,Marco Estrada,P,462136,bal,33,0.5135135135,0,0.553987667,0.3788632665
20160610,Matt Andriese,P,542882,hou,34,0.527027027,0,0.5102048813,0.5019470053
20160610,Matt Harvey,P,518774,mil,39,0.5945945946,1,0.2693873153,0.6171664407
20160610,Michael Wacha,P,608379,pit,30,0.472972973,1,0.2387751204,0.5783159105
20160610,Mike Pelfrey,P,460059,nyy,17,0.2972972973,1,0.0597403106,0.3013246771
20160610,Patrick Corbin,P,571578,mia,25,0.4054054054,0,0.2632648763,0.3068152138
20160610,Sonny Gray,P,543243,cin,29,0.4594594595,1,0.2269392213,1
20160610,Stephen Strasburg,P,544931,phi,51,0.7567567568,0,0.8244892661,0.4037603334
20160610,Steven Wright,P,453214,min,52,0.7702702703,1,0.6207785783,0.6613416581
20160610,Tyler Duffey,P,608648,bos,7,0.1621621622,0,0.3408165864,0.3920390803
20160603,Adam Wainwright,P,425794,sfo,33,0.5714285714,0,0.0229199747,0.2285953166
20160603,Brandon Finnegan,P,605232,was,34,0.5873015873,0,0.0028130266,0
20160603,Carlos Rodon,P,607074,det,21,0.380952381,1,0.2388418823,0.5037146035
20160603,Chris Tillman,P,501957,nyy,17,0.3174603175,0,0.6139917113,0.2378879914
20160603,Danny Salazar,P,517593,kan,60,1,0,0.8226775944,0.2297243648
20160603,David Price,P,456034,tor,30,0.5238095238,0,0.6622421945,0.1780558148
20160603,Doug Fister,P,450729,oak,39,0.6666666667,0,0.1636509193,0.3797900506
20160603,Drew Pomeranz,P,519141,col,57,0.9523809524,0,0.6988336555,0.7240851962
20160603,Edinson Volquez,P,450172,cle,19,0.3492063492,1,0.3687187902,0.1347848232
20160603,Francisco Liriano,P,434538,laa,-2,0.0158730159,0,0.3715318168,0.4114774543
20160603,Gio Gonzalez,P,461829,cin,27,0.4761904762,1,0.3405708321,1
20160603,Jake Odorizzi,P,543606,min,30,0.5238095238,1,0.1917988774,0.5587540106
20160603,Jered Weaver,P,450308,pit,39,0.6666666667,1,0,0.4940838904
20160603,Jimmy Nelson,P,519076,phi,-3,0,1,0.5577002181,0.272469692
20160603,John Lackey,P,407793,ari,59,0.9841269841,0,0.7563326271,0.56440897
20160603,Johnny Cueto,P,456501,stl,33,0.5714285714,1,1,0.2873101398
20160603,Jordan Zimmermann,P,519455,chw,32,0.5555555556,0,0.6600085806,0.0668865252
20160603,Julio Teheran,P,527054,lad,29,0.5079365079,1,0.3807803053,0.0084300668
20160603,Kenta Maeda,P,628317,atl,43,0.7301587302,0,0.4069157994,0.4641742555
20160603,Nathan Eovaldi,P,543135,bal,16,0.3015873016,1,0.5617207231,0.3593926975
20160603,Noah Syndergaard,P,592789,mia,54,0.9047619048,1,0.9863285137,0.1479399879
20160603,R.A. Dickey,P,285079,bos,44,0.746031746,1,0.0751909629,0.328301361
20160603,Ricky Nolasco,P,445060,tam,38,0.6507936508,0,0.1415359302,0.1694655152
20160603,Taijuan Walker,P,592836,tex,3,0.0952380952,1,0.2388418823,0.1700234085
20160603,Tom Koehler,P,543408,nym,27,0.4761904762,0,0.048652976,0.2018074011
20160603,Vince Velasquez,P,592826,mil,25,0.4444444444,0,0.6192196947,0.5558084444
20160527,Aaron Sanchez,P,592717,bos,29,0.5070422535,0,0.7017530364,0.2473380648
20160527,Adam Conley,P,543045,atl,16,0.323943662,1,0.3868663968,0.582449261
20160527,Chris Archer,P,502042,nyy,42,0.6901408451,0,0.4777327935,0.2709602033
20160527,Cole Hamels,P,430935,pit,14,0.2957746479,0,0.9086801619,0.6665133972
20160527,Felix Hernandez,P,433587,min,18,0.3521126761,0,0.7017530364,0.6601319783
20160527,Jacob deGrom,P,594798,lad,39,0.6478873239,0,0.4684777328,0.0376922294
20160527,Jaime Garcia,P,448802,was,39,0.6478873239,1,0.5488097166,0
20160527,Jon Lester,P,452657,phi,49,0.7887323944,0,0.7197489879,0.1423061216
20160527,Jon Niese,P,477003,tex,33,0.5633802817,1,0.3508785425,0.2265295579
20160527,Masahiro Tanaka,P,547888,tam,45,0.7323943662,1,0.557805668,0.1387195142
20160527,Matt Cain,P,430912,col,5,0.1690140845,1,0.1214574899,0.6425040986
20160527,Matt Shoemaker,P,533167,hou,64,1,0,0.0455465587,0.5662614127
20160527,Max Scherzer,P,453286,stl,24,0.4366197183,0,1,0.3234568506
20160527,Mike Fiers,P,571666,laa,-7,0,1,0.3744939271,0.4816733894
20160527,Mike Wright,P,605541,cle,17,0.338028169,1,0.2371295547,0.0751892749
20160527,Robbie Ray,P,592662,sdg,23,0.4225352113,0,0.4363481781,0.5198197421
20160527,Tyler Chatwood,P,543022,sfo,42,0.6901408451,0,0.5353117409,0.3259443338
20160527,Williams Perez,P,554234,mia,21,0.3943661972,0,0.134951417,0.1735343414
20160527,Zach Davies,P,605200,cin,35,0.5915492958,0,0,1
20160524,Andrew Cashner,P,488768,sfo,12,0.1818181818,1,0.2197813902,0.5276778754
20160524,Chris Sale,P,519242,cle,13,0.196969697,0,1,0.254208539
20160524,Chris Tillman,P,501957,hou,30,0.4545454545,1,0.6390541998,0.8203855364
20160524,David Price,P,456034,col,42,0.6363636364,0,0.6538456418,0.8803924741
20160524,Doug Fister,P,450729,bal,20,0.303030303,0,0.319156981,0.464715555
20160524,Edinson Volquez,P,450172,min,44,0.6666666667,1,0.4260361332,0.89008705
20160524,Ervin Santana,P,429722,kan,5,0.0757575758,0,0.3186803531,0.4084725029
20160524,Francisco Liriano,P,434538,ari,32,0.4848484848,0,0.4755921237,0.7522709537
20160524,Jake Odorizzi,P,543606,mia,48,0.7272727273,1,0.257397718,0.3318352752
20160524,Jason Hammel,P,434628,stl,43,0.6515151515,1,0.605400008,0.4665176979
20160524,Jeff Samardzija,P,502188,sdg,50,0.7575757576,0,0.7337274168,0.6870990624
20160524,Jeremy Hellickson,P,476451,det,33,0.5,1,0.4615382567,0.8652038771
20160524,Jhoulys Chacin,P,468504,tex,21,0.3181818182,1,0.2349962056,0.3892800675
20160524,Jimmy Nelson,P,519076,atl,39,0.5909090909,1,0.5236703013,0.8102970521
20160524,Josh Tomlin,P,458708,chw,48,0.7272727273,1,0.5431108626,0.1011505942
20160524,Julio Teheran,P,527054,mil,54,0.8181818182,0,0.4289944216,1
20160524,Justin Verlander,P,434378,phi,66,1,0,0.5177510618,0.3340691985
20160524,Kendall Graveman,P,608665,sea,16,0.2424242424,1,0.1660502456,0.1994317652
20160524,Martin Perez,P,527048,laa,48,0.7272727273,0,0.2366870365,0.6285871524
20160524,Matt Harvey,P,518774,was,3,0.0454545455,1,0.27218916,0.1635057641
20160524,Michael Wacha,P,608379,chc,0,0,0,0.3431960698,0
20160524,Nathan Eovaldi,P,543135,tor,45,0.6818181818,0,0.4855773455,0.3842663034
20160524,Nathan Karns,P,501992,oak,15,0.2272727273,0,0.5588023059,0.6430525816
20160524,R.A. Dickey,P,285079,nyy,29,0.4393939394,1,0.29585813,0.4801592907
20160524,Shelby Miller,P,571946,pit,6,0.0909090909,1,0,0.9345930718
20160524,Stephen Strasburg,P,544931,nym,59,0.8939393939,0,0.9171599366,0.2705843882
20160524,Tom Koehler,P,543408,tam,24,0.3636363636,0,0.2193047623,0.2684336659
20160518,Adam Wainwright,P,425794,col,47,0.74,0,0.1895305035,0.8262278267
20160518,Bartolo Colon,P,112526,was,17,0.14,0,0.6101062719,0.196611584
20160518,Brandon Finnegan,P,605232,cle,26,0.32,0,0.3032488055,0.1995367516
20160518,Chris Tillman,P,501957,sea,43,0.66,0,0.8255106373,0.2182892612
20160518,David Price,P,456034,kan,43,0.66,1,0.8465695821,0.4193395112
20160518,Doug Fister,P,450729,chw,37,0.54,1,0.3886874718,0.0799853104
20160518,Drew Pomeranz,P,519141,sfo,27,0.34,0,1,0.617293344
20160518,Edinson Volquez,P,450172,bos,21,0.22,0,0.614921189,0.4484502865
20160518,Francisco Liriano,P,434538,atl,27,0.34,0,0.6630568827,0.8163482075
20160518,Gio Gonzalez,P,461829,nym,43,0.66,1,0.6678684305,0.1993659906
20160518,Ian Kennedy,P,453178,bos,38,0.56,0,0.8026456774,0.4484502865
20160518,Jake Odorizzi,P,543606,tor,27,0.34,1,0.3495784842,0.403202182
20160518,Jeremy Hellickson,P,476451,mia,36,0.52,0,0.6022858221,0.2410776648
20160518,Jimmy Nelson,P,519076,chc,37,0.54,0,0.6865216014,0
20160518,John Lackey,P,407793,mil,30,0.4,1,0.9037286125,1
20160518,Johnny Cueto,P,456501,sdg,60,1,1,0.981346829,0.6591615667
20160518,Julio Teheran,P,527054,pit,44,0.68,1,0.5222618318,0.9462651995
20160518,Justin Verlander,P,434378,min,55,0.9,0,0.6022858221,0.7951830234
20160518,Martin Perez,P,527048,oak,18,0.16,1,0.3580020621,0.7007471636
20160518,Mat Latos,P,502009,hou,10,0,0,0.489770407,0.8152519498
20160518,Nathan Eovaldi,P,543135,ari,42,0.64,1,0.6052947241,0.6694874877
20160518,Nick Tropeano,P,607374,lad,42,0.64,0,0.504211789,0.1667765469
20160518,R.A. Dickey,P,285079,tam,24,0.28,0,0.4169671076,0.1491555477
20160518,Rich Hill,P,448179,tex,45,0.7,0,0.8802638938,0.4467573543
20160518,Ricky Nolasco,P,445060,det,27,0.34,1,0.4560760952,0.7834823975
20160518,Shelby Miller,P,571946,nyy,23,0.26,0,0,0.5972486533
20160518,Steven Wright,P,453214,kan,33,0.46,1,0.8219019765,0.4193395112
20160518,Taijuan Walker,P,592836,bal,15,0.1,1,0.6197361062,0.3829184287
20160518,Tom Koehler,P,543408,phi,27,0.34,1,0.2924194537,0.3000526094
20160609,Adam Wainwright,P,425794,cin,39,0.9454545455,1,0.3212145455,1
20160609,Bartolo Colon,P,112526,mil,36,0.8909090909,1,0.6165309091,0.516325152
20160609,Brandon Finnegan,P,605232,stl,36,0.8909090909,0,0.2969672727,0.2664715154
20160609,Chad Bettis,P,518452,pit,9,0.4,0,0.2606036364,0.4306237334
20160609,Collin McHugh,P,543521,tex,17,0.5454545455,1,0.6181818182,0.100900698
20160609,Ervin Santana,P,429722,mia,13,0.4727272727,0,0.2581818182,0.1565188021
20160609,Gio Gonzalez,P,461829,chw,42,1,1,0.7619854545,0.1256248593
20160609,Ivan Nova,P,467100,laa,37,0.9090909091,0,0.6727272727,0.4116640396
20160609,Jeff Locke,P,502046,col,-13,0,1,0.3917381818,0.6015762216
20160609,Jhoulys Chacin,P,468504,nyy,10,0.4181818182,1,0.4545454545,0.1478946183
20160609,Jimmy Nelson,P,519076,nym,25,0.6909090909,0,0.9090909091,0.14749901
20160609,Josh Tomlin,P,458708,sea,25,0.6909090909,1,1,0.1085566314
20160609,Marcus Stroman,P,573186,bal,10,0.4181818182,0,0.6424218182,0.2276001832
20160609,Martin Perez,P,527048,hou,30,0.7818181818,0,0.4787854545,0.3715785471
20160609,Miguel Gonzalez,P,456068,was,42,1,0,0.2727272727,0
20160609,Nathan Karns,P,501992,cle,25,0.6909090909,0,0.8743781818,0.0556164624
20160609,Tom Koehler,P,543408,min,42,1,1,0.3256218182,0.5641762883
20160609,Tyler Wilson,P,592869,tor,11,0.4363636364,1,0,0.1300692873
20160620,Clayton Kershaw,P,477132,was,54,1,0,1,0.2986164275
20160620,Derek Holland,P,502706,bal,16,0.3666666667,0,0.1692404555,0.6514765401
20160620,Doug Fister,P,450729,laa,42,0.8,0,0.3872694451,0.7467796121
20160620,Drew Smyly,P,592767,cle,24,0.5,1,0.4122909934,0.3454126525
20160620,Jaime Garcia,P,448802,chc,44,0.8333333333,1,0.3479528563,0
20160620,Jeff Locke,P,502046,sfo,41,0.7833333333,0,0.1567320046,0.4588357334
20160620,Jeremy Hellickson,P,476451,ari,30,0.6,0,0.3511450204,0.7760964667
20160620,Jhoulys Chacin,P,468504,hou,-6,0,1,0.249362845,0.7179019475
20160620,John Lackey,P,407793,stl,27,0.55,0,0.6660610693,0.4955331435
20160620,Jorge De La Rosa,P,407822,mia,30,0.6,1,0.0607370786,0.4840356184
20160620,Josh Tomlin,P,458708,tam,21,0.45,0,0.4468402454,0.5194228215
20160620,Kevin Gausman,P,592332,tex,18,0.4,1,0.2722446675,0.3978418663
20160620,Madison Bumgarner,P,518516,pit,45,0.85,1,0.7510785751,1
20160620,Miguel Gonzalez,P,456068,bos,32,0.6333333333,1,0.2125786134,0.5552555937
20160620,Mike Pelfrey,P,460059,sea,6,0.2,0,0.0620125503,0.4723871221
20160620,Nathan Karns,P,501992,det,18,0.4,1,0.4140775831,0.8560962693
20160620,Shelby Miller,P,571946,phi,44,0.8333333333,1,0,0.9057035027
20160620,Steven Wright,P,453214,chw,45,0.85,0,0.6249578908,0.5978350266
